id,center_pos,weight,draw_input0,arr_final
0,6000082,10,6506,0
1,6001031,10,6507,1
2,6002176,10,6508,2
3,6002571,10,6509,3
4,6002740,10,6509,3
5,6002818,10,6509,3
6,6003239,10,6510,4
7,6003374,10,6510,4
8,6004621,10,6511,5
9,6006067,10,6512,6
10,6006971,10,6513,7
11,6007194,10,6514,8
12,6007412,10,6515,9
13,6007460,10,6515,9
14,6008516,10,6516,10
15,6009053,10,6517,11
16,6009711,10,6518,12
17,6009849,10,6518,12
18,6011965,10,6519,13
19,6011990,10,6519,13
20,6012363,10,6520,14
21,6013431,10,6521,15
22,6013475,10,6521,15
23,6013808,10,6522,16
24,6015101,10,6523,17
25,6015325,10,6524,18
26,6016790,10,6525,19
27,6016909,10,6525,19
28,6018954,10,6526,20
29,6020216,10,6527,21
30,6020408,10,6527,21
31,6022094,10,6528,22
32,6022218,10,6528,22
33,6022487,10,6529,23
34,6023822,10,6530,24
35,6024620,10,6531,25
36,6025098,10,6532,26
37,6026135,10,6533,27
38,6026439,10,6534,28
39,6028007,10,6535,29
40,6028367,10,6536,30
41,6029190,10,6537,31
42,6029660,10,6538,32
43,6029681,10,6538,32
44,6032862,10,6539,33
45,6034457,10,6540,34
46,6035194,10,6541,35
47,6039545,10,6542,36
48,6040445,10,6543,37
49,6043627,10,6544,38
50,6043746,10,6544,38
51,6043784,10,6544,38
52,6043835,10,6544,38
53,6043974,10,6544,38
54,6044428,10,6545,39
55,6044485,10,6545,39
56,6044556,10,6545,39
57,6044671,10,6545,39
58,6045456,10,6546,40
59,6045871,10,6547,41
60,6046122,10,6548,42
61,6046312,10,6548,42
62,6046753,10,6549,43
63,6047341,10,6550,44
64,6048461,10,6551,45
65,6049115,10,6552,46
66,6049609,10,6553,47
67,6050414,10,6554,48
68,6050482,10,6554,48
69,6051648,10,6555,49
70,6052082,10,6556,50
71,6052416,10,6557,51
72,6052812,10,6558,52
73,6052946,10,6558,52
74,6053679,10,6559,53
75,6055004,10,6560,54
76,6055281,10,6561,55
77,6055459,10,6561,55
78,6055915,10,6562,56
79,6058407,10,6563,57
80,6058930,10,6564,58
81,6060246,10,6565,59
82,6060301,10,6565,59
83,6060849,10,6566,60
84,6062628,10,6567,61
85,6062724,10,6567,61
86,6063996,10,6568,62
87,6064121,10,6568,62
88,6064332,10,6568,62
89,6064413,10,6568,62
90,6064545,10,6568,62
91,6065236,10,6569,63
92,6065292,10,6569,63
93,6065376,10,6569,63
94,6066305,10,6570,64
95,6066343,10,6570,64
96,6066366,10,6570,64
97,6066578,10,6570,64
98,6067140,10,6571,65
99,6067354,10,6571,65
100,6067595,10,6572,66
101,6068474,10,6573,67
102,6068529,10,6573,67
103,6068732,10,6573,67
104,6068888,10,6573,67
105,6069123,10,6574,68
106,6069641,10,6575,69
107,6070864,10,6576,70
108,6071230,10,6577,71
109,6071330,10,6577,71
110,6071603,10,6578,72
111,6072253,10,6579,73
112,6072534,10,6580,74
113,6072691,10,6580,74
114,6073504,10,6581,75
115,6073603,10,6581,75
116,6075564,10,6582,76
117,6076216,10,6583,77
118,6076808,10,6584,78
119,6077235,10,6585,79
120,6077470,10,6586,80
121,6077533,10,6586,80
122,6079550,10,6587,81
123,6080251,10,6588,82
124,6080301,10,6588,82
125,6081286,10,6589,83
126,6081484,10,6589,83
127,6081923,10,6590,84
128,6082276,10,6591,85
129,6082315,10,6591,85
130,6082915,10,6592,86
131,6083028,10,6592,86
132,6086426,10,6593,87
133,6086901,10,6594,88
134,6087190,10,6595,89
135,6087229,10,6595,89
136,6087279,10,6595,89
137,6087315,10,6595,89
138,6087380,10,6595,89
139,6087580,10,6595,89
140,6087765,10,6595,89
141,6088780,10,6596,90
142,6090301,10,6597,91
143,6090424,10,6597,91
144,6090921,10,6598,92
145,6091964,10,6599,93
146,6092357,10,6600,94
147,6093411,10,6601,95
148,6093737,10,6602,96
149,6094211,10,6603,97
150,6096073,10,6604,98
151,6096711,10,6605,99
152,6096936,10,6606,100
153,6097004,10,6606,100
154,6097039,10,6606,100
155,6097127,10,6606,100
156,6097590,10,6607,101
157,6097693,10,6607,101
158,6097727,10,6607,101
159,6098167,10,6608,102
160,6098491,10,6609,103
161,6100780,10,6610,104
162,6100838,10,6610,104
163,6100858,10,6610,104
164,6101330,10,6611,105
165,6103249,10,6612,106
166,6103330,10,6612,106
167,6104449,10,6613,107
168,6105264,10,6614,108
169,6105982,10,6615,109
170,6106244,10,6616,110
171,6106639,10,6617,111
172,6106957,10,6618,112
173,6107285,10,6619,113
174,6108770,10,6620,114
175,6108886,10,6620,114
176,6113274,10,6621,115
177,6113460,10,6621,115
178,6113540,10,6621,115
179,6113581,10,6621,115
180,6113775,10,6621,115
181,6114135,10,6622,116
182,6114336,10,6622,116
183,6115992,10,6623,117
184,6116286,10,6624,118
185,6116799,10,6625,119
186,6118548,10,6626,120
187,6118928,10,6627,121
188,6118991,10,6627,121
189,6119245,10,6628,122
190,6119275,10,6628,122
191,6119929,10,6629,123
192,6122239,10,6630,124
193,6122615,10,6631,125
194,6123031,10,6632,126
195,6124296,10,6633,127
196,6125555,10,6634,128
197,6126205,10,6635,129
198,6128672,10,6636,130
199,6129161,10,6637,131
200,6129822,10,6638,132
201,6131688,10,6639,133
202,6131868,10,6639,133
203,6132614,10,6640,134
204,6132676,10,6640,134
205,6133190,10,6641,135
206,6133487,10,6642,136
207,6134357,10,6643,137
208,6134557,10,6643,137
209,6134827,10,6644,138
210,6134977,10,6644,138
211,6135468,10,6645,139
212,6136534,10,6646,140
213,6136607,10,6646,140
214,6137177,10,6647,141
215,6137660,10,6648,142
216,6138335,10,6649,143
217,6138690,10,6650,144
218,6139093,10,6651,145
219,6139505,10,6652,146
220,6139533,10,6652,146
221,6140250,10,6653,147
222,6140557,10,6654,148
223,6140694,10,6654,148
224,6141357,10,6655,149
225,6143218,10,6656,150
226,6143571,10,6657,151
227,6146124,10,6658,152
228,6147486,10,6659,153
229,6147689,10,6659,153
230,6147923,10,6660,154
231,6147993,10,6660,154
232,6148173,10,6660,154
233,6148250,10,6660,154
234,6149383,10,6661,155
235,6151474,10,6662,156
236,6151595,10,6662,156
237,6152915,10,6663,157
238,6152971,10,6663,157
239,6153866,10,6664,158
240,6154432,10,6665,159
241,6155029,10,6666,160
242,6156093,10,6667,161
243,6156871,10,6668,162
244,6157029,10,6668,162
245,6158069,10,6669,163
246,6158529,10,6670,164
247,6159407,10,6671,165
248,6159562,10,6671,165
249,6159783,10,6672,166
250,6160266,10,6673,167
251,6160430,10,6673,167
252,6161459,10,6674,168
253,6161715,10,6675,169
254,6162595,10,6676,170
255,6163898,10,6677,171
256,6165117,10,6678,172
257,6166271,10,6679,173
258,6166472,10,6679,173
259,6167762,10,6680,174
260,6167844,10,6680,174
261,6169904,10,6681,175
262,6170231,10,6682,176
263,6170603,10,6683,177
264,6171609,10,6684,178
265,6171777,10,6684,178
266,6172037,10,6685,179
267,6172605,10,6686,180
268,6172659,10,6686,180
269,6173292,10,6687,181
270,6173361,10,6687,181
271,6175284,10,6688,182
272,6175842,10,6689,183
273,6176825,10,6690,184
274,6177399,10,6691,185
275,6179028,10,6692,186
276,6179527,10,6693,187
277,6179787,10,6694,188
278,6180608,10,6695,189
279,6180879,10,6696,190
280,6181325,10,6697,191
281,6181489,10,6697,191
282,6181665,10,6697,191
283,6181747,10,6697,191
284,6182885,10,6698,192
285,6183208,10,6699,193
286,6183300,10,6699,193
287,6183389,10,6699,193
288,6184195,10,6700,194
289,6184983,10,6701,195
290,6185319,10,6702,196
291,6187187,10,6703,197
292,6187531,10,6704,198
293,6187611,10,6704,198
294,6187717,10,6704,198
295,6188927,10,6705,199
296,6189218,10,6706,200
297,6190363,10,6707,201
298,6191518,10,6708,202
299,6192015,10,6709,203
300,6192054,10,6709,203
301,6192177,10,6709,203
302,6192275,10,6709,203
303,6193573,10,6710,204
304,6193627,10,6710,204
305,6194036,10,6711,205
306,6194312,10,6712,206
307,6194489,10,6712,206
308,6194729,10,6713,207
309,6194862,10,6713,207
310,6194968,10,6713,207
311,6198365,10,6714,208
312,6199442,10,6715,209
313,6199747,10,6716,210
314,6200447,10,6717,211
315,6200693,10,6718,212
316,6201214,10,6719,213
317,6201396,10,6719,213
318,6201675,10,6720,214
319,6201752,10,6720,214
320,6202004,10,6721,215
321,6202083,10,6721,215
322,6202994,10,6722,216
323,6204030,10,6723,217
324,6205398,10,6724,218
325,6205698,10,6725,219
326,6206207,10,6726,220
327,6206954,10,6727,221
328,6207048,10,6727,221
329,6208570,10,6728,222
330,6208945,10,6729,223
331,6209907,10,6730,224
332,6210039,10,6730,224
333,6210113,10,6730,224
334,6211159,10,6731,225
335,6211659,10,6732,226
336,6211704,10,6732,226
337,6212824,10,6733,227
338,6214139,10,6734,228
339,6214388,10,6735,229
340,6215451,10,6736,230
341,6215620,10,6736,230
342,6216079,10,6737,231
343,6216168,10,6737,231
344,6217803,10,6738,232
345,6218577,10,6739,233
346,6219134,10,6740,234
347,6219532,10,6741,235
348,6221419,10,6742,236
349,6222232,10,6743,237
350,6223667,10,6744,238
351,6225251,10,6745,239
352,6226539,10,6746,240
353,6227140,10,6747,241
354,6227403,10,6748,242
355,6229487,10,6749,243
356,6229620,10,6749,243
357,6233817,10,6750,244
358,6235330,10,6751,245
359,6235574,10,6752,246
360,6236090,10,6753,247
361,6237722,10,6754,248
362,6238113,10,6755,249
363,6238552,10,6756,250
364,6240390,10,6757,251
365,6243942,10,6758,252
366,6243975,10,6758,252
367,6247856,10,6759,253
368,6248379,10,6760,254
369,6248406,10,6760,254
370,6249398,10,6761,255
371,6252503,10,6762,256
372,6252565,10,6762,256
373,6252851,10,6763,257
374,6254377,10,6764,258
375,6255195,10,6765,259
376,6255422,10,6766,260
377,6255589,10,6766,260
378,6255631,10,6766,260
379,6255852,10,6767,261
380,6257808,10,6768,262
381,6257966,10,6768,262
382,6258659,10,6769,263
383,6259462,10,6770,264
384,6259549,10,6770,264
385,6259587,10,6770,264
386,6259762,10,6770,264
387,6260371,10,6771,265
388,6260974,10,6772,266
389,6261513,10,6773,267
390,6261940,10,6774,268
391,6262712,10,6775,269
392,6262732,10,6775,269
393,6263286,10,6776,270
394,6263648,10,6777,271
395,6264042,10,6778,272
396,6265730,10,6779,273
397,6266756,10,6780,274
398,6267014,10,6781,275
399,6267032,10,6781,275
400,6268340,10,6782,276
401,6269381,10,6783,277
402,6270714,10,6784,278
403,6270925,10,6784,278
404,6272109,10,6785,279
405,6272166,10,6785,279
406,6273583,10,6786,280
407,6274965,10,6787,281
408,6275386,10,6788,282
409,6275626,10,6789,283
410,6276366,10,6790,284
411,6276551,10,6790,284
412,6276848,10,6791,285
413,6277352,10,6792,286
414,6278275,10,6793,287
415,6279546,10,6794,288
416,6279767,10,6795,289
417,6281074,10,6796,290
418,6281602,10,6797,291
419,6282088,10,6798,292
420,6282146,10,6798,292
421,6283088,10,6799,293
422,6283389,10,6800,294
423,6283932,10,6801,295
424,6284710,10,6802,296
425,6284961,10,6803,297
426,6285338,10,6804,298
427,6285356,10,6804,298
428,6285413,10,6804,298
429,6286509,10,6805,299
430,6286964,10,6806,300
431,6287508,10,6807,301
432,6287582,10,6807,301
433,6287896,10,6808,302
434,6289086,10,6809,303
435,6289411,10,6810,304
436,6292398,10,6811,305
437,6292454,10,6811,305
438,6292882,10,6812,306
439,6293397,10,6813,307
440,6293716,10,6814,308
441,6294434,10,6815,309
442,6294817,10,6816,310
443,6295375,10,6817,311
444,6295404,10,6817,311
445,6297225,10,6818,312
446,6297687,10,6819,313
447,6298631,10,6820,314
448,6298945,10,6821,315
449,6300154,10,6822,316
450,6300786,10,6823,317
451,6301172,10,6824,318
452,6301245,10,6824,318
453,6301834,10,6825,319
454,6303304,10,6826,320
455,6303476,10,6826,320
456,6304110,10,6827,321
457,6305177,10,6828,322
458,6305206,10,6828,322
459,6305507,10,6829,323
460,6306735,10,6830,324
461,6306916,10,6830,324
462,6307270,10,6831,325
463,6307719,10,6832,326
464,6307888,10,6832,326
465,6307940,10,6832,326
466,6308227,10,6833,327
467,6308338,10,6833,327
468,6309017,10,6834,328
469,6310149,10,6835,329
470,6310183,10,6835,329
471,6312198,10,6836,330
472,6312870,10,6837,331
473,6313180,10,6838,332
474,6313405,10,6839,333
475,6313750,10,6840,334
476,6313858,10,6840,334
477,6315099,10,6841,335
478,6315798,10,6842,336
479,6315933,10,6842,336
480,6316201,10,6843,337
481,6316370,10,6843,337
482,6317647,10,6844,338
483,6320350,10,6845,339
484,6320943,10,6846,340
485,6321891,10,6847,341
486,6324194,10,6848,342
487,6325082,10,6849,343
488,6326737,10,6850,344
489,6328107,10,6851,345
490,6329733,10,6852,346
491,6332727,10,6853,347
492,6333361,10,6854,348
493,6334443,10,6855,349
494,6335850,10,6856,350
495,6335868,10,6856,350
496,6336630,10,6857,351
497,6336968,10,6858,352
498,6339438,10,6859,353
499,6340253,10,6860,354
500,6340459,10,6860,354
501,6340740,10,6861,355
502,6340769,10,6861,355
503,6341652,10,6862,356
504,6342691,10,6863,357
505,6342995,10,6864,358
506,6343201,10,6864,358
507,6343821,10,6865,359
508,6344652,10,6866,360
509,6345250,10,6867,361
510,6345583,10,6868,362
511,6346126,10,6869,363
512,6348047,10,6870,364
513,6348907,10,6871,365
514,6349176,10,6872,366
515,6349369,10,6872,366
516,6352393,10,6873,367
517,6352426,10,6873,367
518,6353380,10,6874,368
519,6354054,10,6875,369
520,6354092,10,6875,369
521,6354118,10,6875,369
522,6356478,10,6876,370
523,6357205,10,6877,371
524,6357566,10,6878,372
525,6358318,10,6879,373
526,6359274,10,6880,374
527,6359360,10,6880,374
528,6359412,10,6880,374
529,6359692,10,6881,375
530,6359829,10,6881,375
531,6360531,10,6882,376
532,6360634,10,6882,376
533,6362503,10,6883,377
534,6363343,10,6884,378
535,6364054,10,6885,379
536,6366721,10,6886,380
537,6366913,10,6886,380
538,6367493,10,6887,381
539,6368000,10,6888,382
540,6368332,10,6889,383
541,6370808,10,6890,384
542,6371984,10,6891,385
543,6372277,10,6892,386
544,6374621,10,6893,387
545,6376071,10,6894,388
546,6376762,10,6895,389
547,6376816,10,6895,389
548,6377391,10,6896,390
549,6378420,10,6897,391
550,6378901,10,6898,392
551,6380791,10,6899,393
552,6381498,10,6900,394
553,6382193,10,6901,395
554,6382662,10,6902,396
555,6383715,10,6903,397
556,6387031,10,6904,398
557,6389926,10,6905,399
558,6390358,10,6906,400
559,6390875,10,6907,401
560,6391825,10,6908,402
561,6392056,10,6909,403
562,6392601,10,6910,404
563,6393086,10,6911,405
564,6394180,10,6912,406
565,6395110,10,6913,407
566,6395462,10,6914,408
567,6396355,10,6915,409
568,6397077,10,6916,410
569,6397395,10,6917,411
570,6398046,10,6918,412
571,6398081,10,6918,412
572,6398907,10,6919,413
573,6400855,10,6920,414
574,6401282,10,6921,415
575,6401756,10,6922,416
576,6401795,10,6922,416
577,6402126,10,6923,417
578,6402761,10,6924,418
579,6404626,10,6925,419
580,6405227,10,6926,420
581,6406096,10,6927,421
582,6407836,10,6928,422
583,6408046,10,6928,422
584,6408166,10,6928,422
585,6408465,10,6929,423
586,6408562,10,6929,423
587,6409844,10,6930,424
588,6409862,10,6930,424
589,6410625,10,6931,425
590,6412136,10,6932,426
591,6413532,10,6933,427
592,6414497,10,6934,428
593,6415817,10,6935,429
594,6416962,10,6936,430
595,6417849,10,6937,431
596,6418183,10,6938,432
597,6418511,10,6939,433
598,6420912,10,6940,434
599,6420949,10,6940,434
600,6421645,10,6941,435
601,6422225,10,6942,436
602,6422311,10,6942,436
603,6425488,10,6943,437
604,6425583,10,6943,437
605,6425698,10,6943,437
606,6427245,10,6944,438
607,6429076,10,6945,439
608,6432968,10,6946,440
609,6433524,10,6947,441
610,6433577,10,6947,441
611,6436240,10,6948,442
612,6437170,10,6949,443
613,6437683,10,6950,444
614,6437830,10,6950,444
615,6439456,10,6951,445
616,6440507,10,6952,446
617,6440748,10,6953,447
618,6441808,10,6954,448
619,6442699,10,6955,449
620,6444906,10,6956,450
621,6445969,10,6957,451
622,6446219,10,6958,452
623,6446525,10,6959,453
624,6446702,10,6959,453
625,6447347,10,6960,454
626,6447947,10,6961,455
627,6448323,10,6962,456
628,6448819,10,6963,457
629,6449525,10,6964,458
630,6450374,10,6965,459
631,6450666,10,6966,460
632,6450753,10,6966,460
633,6451715,10,6967,461
634,6452362,10,6968,462
635,6453032,10,6969,463
636,6453551,10,6970,464
637,6454037,10,6971,465
638,6454535,10,6972,466
639,6455643,10,6973,467
640,6456012,10,6974,468
641,6456065,10,6974,468
642,6456302,10,6975,469
643,6458257,10,6976,470
644,6459663,10,6977,471
645,6460344,10,6978,472
646,6461368,10,6979,473
647,6461731,10,6980,474
648,6463811,10,6981,475
649,6464114,10,6982,476
650,6465192,10,6983,477
651,6465882,10,6984,478
652,6466760,10,6985,479
653,6466862,10,6985,479
654,6468404,10,6986,480
655,6470155,10,6987,481
656,6470423,10,6988,482
657,6471600,10,6989,483
658,6472340,10,6990,484
659,6473099,10,6991,485
660,6473482,10,6992,486
661,6475594,10,6993,487
662,6478250,10,6994,488
663,6479140,10,6995,489
664,6479912,10,6996,490
665,6480945,10,6997,491
666,6481377,10,6998,492
667,6481484,10,6998,492
668,6482274,10,6999,493
669,6482369,10,6999,493
670,6483656,10,7000,494
671,6483960,10,7001,495
672,6484082,10,7001,495
673,6485749,10,7002,496
674,6487277,10,7003,497
675,6488337,10,7004,498
676,6488668,10,7005,499
677,6490446,10,7006,500
678,6490472,10,7006,500
679,6490577,10,7006,500
680,6491187,10,7007,501
681,6491891,10,7008,502
682,6492159,10,7009,503
683,6494081,10,7010,504
684,6495659,10,7011,505
685,6495830,10,7011,505
686,6495848,10,7011,505
687,6495904,10,7011,505
688,6496231,10,7012,506
689,6496413,10,7012,506
690,6496525,10,7012,506
691,6496742,10,7013,507
692,6500821,10,7014,508
693,6501341,10,7015,509
694,6501868,10,7016,510
695,6502013,10,7016,510
696,6503190,10,7017,511
697,6503876,10,7018,512
698,6504379,10,7019,513
699,6504888,10,7020,514
700,6505447,10,7021,515
701,6505950,10,7022,516
702,6506584,10,7023,517
703,6507307,10,7024,518
704,6507877,10,7025,519
705,6508885,10,7026,520
706,6508978,10,7026,520
707,6509231,10,7027,521
708,6509310,10,7027,521
709,6509515,10,7027,521
710,6510405,10,7028,522
711,6510821,10,7029,523
712,6513447,10,7030,524
713,6513835,10,7031,525
714,6513973,10,7031,525
715,6514010,10,7031,525
716,6514410,10,7032,526
717,6514530,10,7032,526
718,6515161,10,7033,527
719,6516737,10,7034,528
720,6518106,10,7035,529
721,6518324,10,7036,530
722,6518633,10,7037,531
723,6518947,10,7038,532
724,6519100,10,7038,532
725,6519417,10,7039,533
726,6519862,10,7040,534
727,6520361,10,7041,535
728,6522170,10,7042,536
729,6523486,10,7043,537
730,6523704,10,7044,538
731,6523820,10,7044,538
732,6523984,10,7044,538
733,6524038,10,7044,538
734,6524927,10,7045,539
735,6526898,10,7046,540
736,6527503,10,7047,541
737,6527591,10,7047,541
738,6527953,10,7048,542
739,6528540,10,7049,543
740,6528591,10,7049,543
741,6530403,10,7050,544
742,6532117,10,7051,545
743,6534268,10,7052,546
744,6534371,10,7052,546
745,6535139,10,7053,547
746,6535785,10,7054,548
747,6536202,10,7055,549
748,6536566,10,7056,550
749,6536760,10,7056,550
750,6538502,10,7057,551
751,6538864,10,7058,552
752,6539059,10,7058,552
753,6539447,10,7059,553
754,6539809,10,7060,554
755,6540620,10,7061,555
756,6541224,10,7062,556
757,6541758,10,7063,557
758,6542257,10,7064,558
759,6542515,10,7065,559
760,6542552,10,7065,559
761,6543282,10,7066,560
762,6543965,10,7067,561
763,6545558,10,7068,562
764,6545629,10,7068,562
765,6545943,10,7069,563
766,6547028,10,7070,564
767,6547046,10,7070,564
768,6547265,10,7071,565
769,6547638,10,7072,566
770,6548363,10,7073,567
771,6548449,10,7073,567
772,6548568,10,7073,567
773,6548915,10,7074,568
774,6549679,10,7075,569
775,6549823,10,7075,569
776,6550099,10,7076,570
777,6550884,10,7077,571
778,6552306,10,7078,572
779,6554947,10,7079,573
780,6556977,10,7080,574
781,6559630,10,7081,575
782,6560030,10,7082,576
783,6563498,10,7083,577
784,6564080,10,7084,578
785,6564194,10,7084,578
786,6564399,10,7084,578
787,6564506,10,7084,578
788,6566542,10,7085,579
789,6567024,10,7086,580
790,6567816,10,7087,581
791,6570217,10,7088,582
792,6571012,10,7089,583
793,6572231,10,7090,584
794,6573470,10,7091,585
795,6573511,10,7091,585
796,6575811,10,7092,586
797,6575999,10,7092,586
798,6576064,10,7092,586
799,6576619,10,7093,587
800,6576872,10,7094,588
801,6576911,10,7094,588
802,6578882,10,7095,589
803,6580397,10,7096,590
804,6580566,10,7096,590
805,6581953,10,7097,591
806,6582464,10,7098,592
807,6582616,10,7098,592
808,6583408,10,7099,593
809,6584231,10,7100,594
810,6584439,10,7100,594
811,6584826,10,7101,595
812,6586080,10,7102,596
813,6589525,10,7103,597
814,6589615,10,7103,597
815,6591270,10,7104,598
816,6592717,10,7105,599
817,6593052,10,7106,600
818,6593415,10,7107,601
819,6593493,10,7107,601
820,6593558,10,7107,601
821,6593633,10,7107,601
822,6594528,10,7108,602
823,6596272,10,7109,603
824,6596584,10,7110,604
825,6597684,10,7111,605
826,6598075,10,7112,606
827,6598127,10,7112,606
828,6599373,10,7113,607
829,6599521,10,7113,607
830,6599972,10,7114,608
831,6600848,10,7115,609
832,6603326,10,7116,610
833,6604341,10,7117,611
834,6604805,10,7118,612
835,6606477,10,7119,613
836,6607702,10,7120,614
837,6609321,10,7121,615
838,6609566,10,7122,616
839,6610708,10,7123,617
840,6610828,10,7123,617
841,6611199,10,7124,618
842,6611745,10,7125,619
843,6612162,10,7126,620
844,6612385,10,7127,621
845,6613876,10,7128,622
846,6614152,10,7129,623
847,6614627,10,7130,624
848,6614895,10,7131,625
849,6615094,10,7131,625
850,6616222,10,7132,626
851,6616435,10,7132,626
852,6616471,10,7132,626
853,6616849,10,7133,627
854,6616973,10,7133,627
855,6617787,10,7134,628
856,6617838,10,7134,628
857,6617878,10,7134,628
858,6619320,10,7135,629
859,6619341,10,7135,629
860,6619969,10,7136,630
861,6620441,10,7137,631
862,6621014,10,7138,632
863,6621890,10,7139,633
864,6623470,10,7140,634
865,6623600,10,7140,634
866,6623720,10,7140,634
867,6623879,10,7140,634
868,6624803,10,7141,635
869,6624946,10,7141,635
870,6625041,10,7141,635
871,6626362,10,7142,636
872,6626723,10,7143,637
873,6627288,10,7144,638
874,6627637,10,7145,639
875,6628639,10,7146,640
876,6629211,10,7147,641
877,6629582,10,7148,642
878,6629604,10,7148,642
879,6629626,10,7148,642
880,6629648,10,7148,642
881,6629999,10,7149,643
882,6630158,10,7149,643
883,6630348,10,7149,643
884,6630473,10,7149,643
885,6631945,10,7150,644
886,6632173,10,7151,645
887,6632288,10,7151,645
888,6632349,10,7151,645
889,6633088,10,7152,646
890,6633313,10,7153,647
891,6634087,10,7154,648
892,6634242,10,7154,648
893,6634875,10,7155,649
894,6635146,10,7156,650
895,6635250,10,7156,650
896,6635875,10,7157,651
897,6636005,10,7157,651
898,6636881,10,7158,652
899,6637794,10,7159,653
900,6638043,10,7160,654
901,6638197,10,7160,654
902,6638403,10,7160,654
903,6639449,10,7161,655
904,6639564,10,7161,655
905,6641542,10,7162,656
906,6642502,10,7163,657
907,6642636,10,7163,657
908,6642818,10,7163,657
909,6642915,10,7163,657
910,6643102,10,7163,657
911,6644251,10,7164,658
912,6645939,10,7165,659
913,6646006,10,7165,659
914,6646045,10,7165,659
915,6646671,10,7166,660
916,6646764,10,7166,660
917,6646839,10,7166,660
918,6648992,10,7167,661
919,6650479,10,7168,662
920,6651025,10,7169,663
921,6651094,10,7169,663
922,6651526,10,7170,664
923,6651715,10,7170,664
924,6652720,10,7171,665
925,6653484,10,7172,666
926,6653817,10,7173,667
927,6657368,10,7174,668
928,6659149,10,7175,669
929,6661096,10,7176,670
930,6661713,10,7177,671
931,6661831,10,7177,671
932,6664643,10,7178,672
933,6665978,10,7179,673
934,6666962,10,7180,674
935,6668110,10,7181,675
936,6669157,10,7182,676
937,6669199,10,7182,676
938,6669276,10,7182,676
939,6669331,10,7182,676
940,6670166,10,7183,677
941,6670522,10,7184,678
942,6671343,10,7185,679
943,6671550,10,7185,679
944,6671620,10,7185,679
945,6671792,10,7185,679
946,6671837,10,7185,679
947,6672628,10,7186,680
948,6673297,10,7187,681
949,6673507,10,7187,681
950,6673940,10,7188,682
951,6674285,10,7189,683
952,6674658,10,7190,684
953,6675034,10,7191,685
954,6675371,10,7192,686
955,6676264,10,7193,687
956,6678479,10,7194,688
957,6678998,10,7195,689
958,6679165,10,7195,689
959,6679452,10,7196,690
960,6680040,10,7197,691
961,6680272,10,7198,692
962,6680311,10,7198,692
963,6680424,10,7198,692
964,6682723,10,7199,693
965,6682821,10,7199,693
966,6684294,10,7200,694
967,6684983,10,7201,695
968,6685505,10,7202,696
969,6686034,10,7203,697
970,6687394,10,7204,698
971,6687466,10,7204,698
972,6687722,10,7205,699
973,6687927,10,7205,699
974,6688507,10,7206,700
975,6689737,10,7207,701
976,6690430,10,7208,702
977,6690549,10,7208,702
978,6691513,10,7209,703
979,6691771,10,7210,704
980,6691857,10,7210,704
981,6693170,10,7211,705
982,6694007,10,7212,706
983,6694389,10,7213,707
984,6696573,10,7214,708
985,6697183,10,7215,709
986,6697476,10,7216,710
987,6698620,10,7217,711
988,6699016,10,7218,712
989,6700774,10,7219,713
990,6700813,10,7219,713
991,6701315,10,7220,714
992,6701391,10,7220,714
993,6702652,10,7221,715
994,6703310,10,7222,716
995,6703340,10,7222,716
996,6703412,10,7222,716
997,6703868,10,7223,717
998,6707106,10,7224,718
999,6707652,10,7225,719
1000,6708352,10,7226,720
1001,6708467,10,7226,720
1002,6709671,10,7227,721
1003,6710075,10,7228,722
1004,6710645,10,7229,723
1005,6711518,10,7230,724
1006,6713558,10,7231,725
1007,6713768,10,7231,725
1008,6714673,10,7232,726
1009,6716228,10,7233,727
1010,6716640,10,7234,728
1011,6716809,10,7234,728
1012,6716986,10,7234,728
1013,6717043,10,7234,728
1014,6717081,10,7234,728
1015,6717120,10,7234,728
1016,6717153,10,7234,728
1017,6717192,10,7234,728
1018,6717219,10,7234,728
1019,6717262,10,7234,728
1020,6717299,10,7234,728
1021,6717432,10,7234,728
1022,6717509,10,7234,728
1023,6717547,10,7234,728
1024,6717586,10,7234,728
1025,6717620,10,7234,728
1026,6717673,10,7234,728
1027,6717795,10,7234,728
1028,6717871,10,7234,728
1029,6718052,10,7234,728
1030,6718178,10,7234,728
1031,6718541,10,7235,729
1032,6718579,10,7235,729
1033,6718736,10,7235,729
1034,6719278,10,7236,730
1035,6719480,10,7236,730
1036,6720421,10,7237,731
1037,6720570,10,7237,731
1038,6720675,10,7237,731
1039,6722221,10,7238,732
1040,6722276,10,7238,732
1041,6722349,10,7238,732
1042,6722451,10,7238,732
1043,6722814,10,7239,733
1044,6722860,10,7239,733
1045,6722911,10,7239,733
1046,6723030,10,7239,733
1047,6723069,10,7239,733
1048,6723154,10,7239,733
1049,6723190,10,7239,733
1050,6723227,10,7239,733
1051,6723515,10,7240,734
1052,6726313,10,7241,735
1053,6726651,10,7242,736
1054,6727555,10,7243,737
1055,6727802,10,7244,738
1056,6727897,10,7244,738
1057,6727959,10,7244,738
1058,6728065,10,7244,738
1059,6728356,10,7245,739
1060,6729322,10,7246,740
1061,6730555,10,7247,741
1062,6732268,10,7248,742
1063,6732564,10,7249,743
1064,6733761,10,7250,744
1065,6735869,10,7251,745
1066,6737094,10,7252,746
1067,6739596,10,7253,747
1068,6739924,10,7254,748
1069,6740035,10,7254,748
1070,6740194,10,7254,748
1071,6741289,10,7255,749
1072,6744386,10,7256,750
1073,6746259,10,7257,751
1074,6747257,10,7258,752
1075,6749363,10,7259,753
1076,6750736,10,7260,754
1077,6751302,10,7261,755
1078,6751374,10,7261,755
1079,6751531,10,7261,755
1080,6751671,10,7261,755
1081,6751856,10,7261,755
1082,6752619,10,7262,756
1083,6752916,10,7263,757
1084,6754465,10,7264,758
1085,6755849,10,7265,759
1086,6756007,10,7265,759
1087,6758560,10,7266,760
1088,6758654,10,7266,760
1089,6759498,10,7267,761
1090,6759666,10,7267,761
1091,6761326,10,7268,762
1092,6761409,10,7268,762
1093,6761571,10,7268,762
1094,6762359,10,7269,763
1095,6762396,10,7269,763
1096,6762830,10,7270,764
1097,6762940,10,7270,764
1098,6763279,10,7271,765
1099,6763424,10,7271,765
1100,6763807,10,7272,766
1101,6766770,10,7273,767
1102,6768150,10,7274,768
1103,6769009,10,7275,769
1104,6770415,10,7276,770
1105,6770739,10,7277,771
1106,6771293,10,7278,772
1107,6771608,10,7279,773
1108,6771739,10,7279,773
1109,6773365,10,7280,774
1110,6773398,10,7280,774
1111,6773483,10,7280,774
1112,6773573,10,7280,774
1113,6774237,10,7281,775
1114,6775178,10,7282,776
1115,6775219,10,7282,776
1116,6778025,10,7283,777
1117,6778545,10,7284,778
1118,6779943,10,7285,779
1119,6779982,10,7285,779
1120,6780268,10,7286,780
1121,6782642,10,7287,781
1122,6783292,10,7288,782
1123,6783903,10,7289,783
1124,6784248,10,7290,784
1125,6785001,10,7291,785
1126,6785852,10,7292,786
1127,6785875,10,7292,786
1128,6786147,10,7293,787
1129,6786832,10,7294,788
1130,6787149,10,7295,789
1131,6787220,10,7295,789
1132,6787949,10,7296,790
1133,6788506,10,7297,791
1134,6788656,10,7297,791
1135,6789377,10,7298,792
1136,6789502,10,7298,792
1137,6789881,10,7299,793
1138,6790475,10,7300,794
1139,6791031,10,7301,795
1140,6791100,10,7301,795
1141,6791119,10,7301,795
1142,6791362,10,7302,796
1143,6793248,10,7303,797
1144,6793475,10,7304,798
1145,6794644,10,7305,799
1146,6794803,10,7305,799
1147,6795354,10,7306,800
1148,6796389,10,7307,801
1149,6797125,10,7308,802
1150,6797941,10,7309,803
1151,6798837,10,7310,804
1152,6799219,10,7311,805
1153,6799296,10,7311,805
1154,6799527,10,7312,806
1155,6800156,10,7313,807
1156,6801653,10,7314,808
1157,6801965,10,7315,809
1158,6802020,10,7315,809
1159,6802129,10,7315,809
1160,6802188,10,7315,809
1161,6803000,10,7316,810
1162,6803604,10,7317,811
1163,6803745,10,7317,811
1164,6803828,10,7317,811
1165,6804380,10,7318,812
1166,6804573,10,7318,812
1167,6805980,10,7319,813
1168,6806571,10,7320,814
1169,6807122,10,7321,815
1170,6807950,10,7322,816
1171,6808471,10,7323,817
1172,6809031,10,7324,818
1173,6809871,10,7325,819
1174,6810283,10,7326,820
1175,6810863,10,7327,821
1176,6810932,10,7327,821
1177,6811481,10,7328,822
1178,6812417,10,7329,823
1179,6812732,10,7330,824
1180,6813025,10,7331,825
1181,6814148,10,7332,826
1182,6814902,10,7333,827
1183,6815428,10,7334,828
1184,6817270,10,7335,829
1185,6819023,10,7336,830
1186,6823229,10,7337,831
1187,6826465,10,7338,832
1188,6827230,10,7339,833
1189,6829381,10,7340,834
1190,6831529,10,7341,835
1191,6831548,10,7341,835
1192,6832117,10,7342,836
1193,6832297,10,7342,836
1194,6833395,10,7343,837
1195,6834686,10,7344,838
1196,6836128,10,7345,839
1197,6836874,10,7346,840
1198,6838730,10,7347,841
1199,6839457,10,7348,842
1200,6840111,10,7349,843
1201,6840331,10,7350,844
1202,6841384,10,7351,845
1203,6841909,10,7352,846
1204,6842261,10,7353,847
1205,6843410,10,7354,848
1206,6843637,10,7355,849
1207,6843664,10,7355,849
1208,6844663,10,7356,850
1209,6844904,10,7357,851
1210,6845224,10,7358,852
1211,6846987,10,7359,853
1212,6847181,10,7359,853
1213,6847205,10,7359,853
1214,6847356,10,7359,853
1215,6850751,10,7360,854
1216,6852376,10,7361,855
1217,6852420,10,7361,855
1218,6852497,10,7361,855
1219,6852562,10,7361,855
1220,6852611,10,7361,855
1221,6853048,10,7362,856
1222,6853763,10,7363,857
1223,6854181,10,7364,858
1224,6854581,10,7365,859
1225,6855192,10,7366,860
1226,6855367,10,7366,860
1227,6857186,10,7367,861
1228,6857456,10,7368,862
1229,6858585,10,7369,863
1230,6858977,10,7370,864
1231,6859231,10,7371,865
1232,6860371,10,7372,866
1233,6860686,10,7373,867
1234,6861028,10,7374,868
1235,6861241,10,7374,868
1236,6862504,10,7375,869
1237,6863030,10,7376,870
1238,6863752,10,7377,871
1239,6865247,10,7378,872
1240,6865453,10,7378,872
1241,6866732,10,7379,873
1242,6866810,10,7379,873
1243,6867732,10,7380,874
1244,6867905,10,7380,874
1245,6871765,10,7381,875
1246,6872406,10,7382,876
1247,6873298,10,7383,877
1248,6873341,10,7383,877
1249,6874239,10,7384,878
1250,6876725,10,7385,879
1251,6877501,10,7386,880
1252,6877990,10,7387,881
1253,6879034,10,7388,882
1254,6879885,10,7389,883
1255,6880378,10,7390,884
1256,6884093,10,7391,885
1257,6884875,10,7392,886
1258,6886535,10,7393,887
1259,6887356,10,7394,888
1260,6887970,10,7395,889
1261,6888704,10,7396,890
1262,6889122,10,7397,891
1263,6890747,10,7398,892
1264,6891621,10,7399,893
1265,6894311,10,7400,894
1266,6894573,10,7401,895
1267,6896297,10,7402,896
1268,6897443,10,7403,897
1269,6899759,10,7404,898
1270,6899916,10,7404,898
1271,6900762,10,7405,899
1272,6900891,10,7405,899
1273,6901139,10,7406,900
1274,6901350,10,7406,900
1275,6901641,10,7407,901
1276,6902261,10,7408,902
1277,6904507,10,7409,903
1278,6904856,10,7410,904
1279,6905213,10,7411,905
1280,6907013,10,7412,906
1281,6908582,10,7413,907
1282,6909415,10,7414,908
1283,6909815,10,7415,909
1284,6909892,10,7415,909
1285,6909981,10,7415,909
1286,6910878,10,7416,910
1287,6911562,10,7417,911
1288,6911626,10,7417,911
1289,6913475,10,7418,912
1290,6914214,10,7419,913
1291,6914847,10,7420,914
1292,6915879,10,7421,915
1293,6916576,10,7422,916
1294,6917866,10,7423,917
1295,6917946,10,7423,917
1296,6919470,10,7424,918
1297,6919769,10,7425,919
1298,6920083,10,7426,920
1299,6922926,10,7427,921
1300,6923733,10,7428,922
1301,6924809,10,7429,923
1302,6931449,10,7430,924
1303,6931653,10,7430,924
1304,6933475,10,7431,925
1305,6934075,10,7432,926
1306,6934916,10,7433,927
1307,6935085,10,7433,927
1308,6935529,10,7434,928
1309,6936904,10,7435,929
1310,6937120,10,7436,930
1311,6937152,10,7436,930
1312,6939737,10,7437,931
1313,6940065,10,7438,932
1314,6940759,10,7439,933
1315,6942555,10,7440,934
1316,6942826,10,7441,935
1317,6943164,10,7442,936
1318,6943188,10,7442,936
1319,6943772,10,7443,937
1320,6944612,10,7444,938
1321,6945946,10,7445,939
1322,6946105,10,7445,939
1323,6948322,10,7446,940
1324,6948943,10,7447,941
1325,6949376,10,7448,942
1326,6949531,10,7448,942
1327,6949747,10,7449,943
1328,6951971,10,7450,944
1329,6952318,10,7451,945
1330,6952361,10,7451,945
1331,6952593,10,7452,946
1332,6953202,10,7453,947
1333,6953229,10,7453,947
1334,6954162,10,7454,948
1335,6954282,10,7454,948
1336,6954587,10,7455,949
1337,6955837,10,7456,950
1338,6956282,10,7457,951
1339,6956303,10,7457,951
1340,6958123,10,7458,952
1341,6958797,10,7459,953
1342,6959819,10,7460,954
1343,6961885,10,7461,955
1344,6962220,10,7462,956
1345,6962489,10,7463,957
1346,6962524,10,7463,957
1347,6963464,10,7464,958
1348,6963786,10,7465,959
1349,6964901,10,7466,960
1350,6966728,10,7467,961
1351,6967068,10,7468,962
1352,6967411,10,7469,963
1353,6968111,10,7470,964
1354,6969441,10,7471,965
1355,6969976,10,7472,966
1356,6970112,10,7472,966
1357,6970261,10,7472,966
1358,6971552,10,7473,967
1359,6972144,10,7474,968
1360,6973362,10,7475,969
1361,6974780,10,7476,970
1362,6975033,10,7477,971
1363,6976298,10,7478,972
1364,6977680,10,7479,973
1365,6977971,10,7480,974
1366,6978370,10,7481,975
1367,6978742,10,7482,976
1368,6980813,10,7483,977
1369,6981820,10,7484,978
1370,6981955,10,7484,978
1371,6982221,10,7485,979
1372,6986576,10,7486,980
1373,6986812,10,7487,981
1374,6986845,10,7487,981
1375,6988151,10,7488,982
1376,6988369,10,7489,983
1377,6988479,10,7489,983
1378,6988804,10,7490,984
1379,6989710,10,7491,985
1380,6991602,10,7492,986
1381,6992075,10,7493,987
1382,6992812,10,7494,988
1383,6993319,10,7495,989
1384,6994273,10,7496,990
1385,6995249,10,7497,991
1386,6995316,10,7497,991
1387,6995723,10,7498,992
1388,6995796,10,7498,992
1389,6997189,10,7499,993
1390,6997629,10,7500,994
