id,data_count_new,cluster_belong_new,data_count_sum
1,3,4,3
2,1,-1,4
3,1,-1,5
4,3,9,8
5,3,9,11
6,1,-1,12
7,1,-1,13
8,1,-1,14
9,1,-5,15
10,4,0,19
11,1,-1,20
12,4,5,24
13,1,-1,25
14,1,-1,26
15,1,-1,27
16,1,-1,28
17,1,-1,29
18,1,-5,30
19,3,9,33
20,1,-1,34
21,1,-1,35
22,1,-1,36
23,1,-1,37
24,1,-1,38
25,1,-1,39
26,1,-1,40
27,1,-1,41
28,3,1,44
29,2,5,46
30,3,0,49
31,1,-1,50
32,1,-1,51
33,1,-1,52
34,1,-1,53
35,1,-1,54
36,1,-1,55
37,1,-1,56
38,1,-5,57
39,7,4,64
40,2,4,66
41,3,8,69
42,1,-5,70
43,1,-1,71
44,1,-1,72
45,3,0,75
46,1,-5,76
47,1,-1,77
48,1,-1,78
49,1,-1,79
50,1,-1,80
51,1,-1,81
52,10,4,91
53,1,-5,92
54,1,-5,93
55,3,8,96
56,3,4,99
57,2,8,101
58,1,-1,102
59,1,-1,103
60,4,5,107
61,1,-1,108
62,1,-1,109
63,1,-1,110
64,3,9,113
65,3,5,116
66,3,3,119
67,2,9,121
68,1,-1,122
69,1,-1,123
70,1,-1,124
71,1,-1,125
72,1,-1,126
73,1,-1,127
74,1,-1,128
75,1,-1,129
76,2,7,131
77,1,-1,132
78,1,-1,133
79,1,-1,134
80,1,-5,135
81,3,3,138
82,1,-1,139
83,1,-1,140
84,1,-1,141
85,4,6,145
86,1,-1,146
87,1,-1,147
88,1,-1,148
89,1,-1,149
90,1,-1,150
91,1,-1,151
92,2,8,153
93,2,4,155
94,1,-1,156
95,1,-1,157
96,4,0,161
97,1,-1,162
98,1,-1,163
99,1,-1,164
100,1,-1,165
101,1,-1,166
102,1,-1,167
103,1,-5,168
104,4,0,172
105,1,-5,173
106,4,3,177
107,1,-1,178
108,1,-1,179
109,1,-1,180
110,1,-1,181
111,1,-1,182
112,1,-1,183
113,1,-1,184
114,1,-1,185
115,1,-5,186
116,3,9,189
117,1,-5,190
118,3,0,193
119,1,-5,194
120,1,-1,195
121,1,-1,196
122,1,-1,197
123,1,-1,198
124,4,9,202
125,1,-1,203
126,1,-1,204
127,1,-1,205
128,2,4,207
129,1,-5,208
130,1,-1,209
131,3,8,212
132,1,-5,213
133,1,-1,214
134,1,-1,215
135,1,-1,216
136,1,-1,217
137,1,-1,218
138,1,-1,219
139,1,-1,220
140,1,-1,221
141,1,-1,222
142,1,-1,223
143,1,-1,224
144,3,4,227
145,1,-5,228
146,3,0,231
147,2,5,233
148,1,-1,234
149,1,-1,235
150,3,3,238
151,1,-1,239
152,1,-1,240
153,1,-1,241
154,1,-1,242
155,1,-1,243
156,3,4,246
157,1,-5,247
158,1,-1,248
159,1,-1,249
160,1,-1,250
161,1,-1,251
162,1,-1,252
163,1,-1,253
164,1,-1,254
165,1,-1,255
166,1,-1,256
167,1,-1,257
168,1,-1,258
169,1,-1,259
170,1,-1,260
171,1,-1,261
172,1,-1,262
173,1,-5,263
174,3,4,266
175,3,1,269
176,1,-1,270
177,1,-1,271
178,1,-1,272
179,1,-1,273
180,1,-1,274
181,3,7,277
182,1,-1,278
183,1,-1,279
184,1,-1,280
185,3,6,283
186,1,-1,284
187,1,-1,285
188,1,-1,286
189,1,-1,287
190,1,-1,288
191,1,-1,289
192,1,-1,290
193,1,-1,291
194,1,-1,292
195,1,-1,293
196,1,-1,294
197,1,-1,295
198,1,-1,296
199,1,-1,297
200,1,-1,298
201,1,-1,299
202,3,3,302
203,1,-5,303
204,3,9,306
205,1,-1,307
206,1,-1,308
207,1,-1,309
208,1,-1,310
209,1,-1,311
210,1,-1,312
211,3,7,315
212,1,-1,316
213,1,-1,317
214,1,-1,318
215,1,-1,319
216,3,9,322
217,1,-5,323
218,1,-1,324
219,3,9,327
220,1,-5,328
221,1,-5,329
222,3,0,332
223,1,-1,333
224,1,-1,334
225,1,-1,335
226,1,-1,336
227,1,-1,337
228,1,-1,338
229,1,-1,339
230,1,-1,340
231,1,-1,341
232,1,-5,342
233,4,5,346
234,3,0,349
235,3,1,352
236,1,-1,353
237,2,8,355
238,1,-1,356
239,1,-1,357
240,1,-1,358
241,1,-1,359
242,1,-1,360
243,1,-1,361
244,4,0,365
245,1,-1,366
246,1,-5,367
247,3,5,370
248,4,5,374
249,1,-5,375
250,2,4,377
251,1,-5,378
252,1,-1,379
253,1,-1,380
254,2,9,382
255,3,7,385
256,2,3,387
257,4,9,391
258,2,5,393
259,1,-1,394
260,1,-1,395
261,1,-1,396
262,1,-1,397
263,1,-1,398
264,1,-1,399
265,1,-1,400
266,3,7,403
267,1,-1,404
268,1,-1,405
269,1,-1,406
270,1,-1,407
271,1,-1,408
272,1,-1,409
273,1,-1,410
274,1,-1,411
275,1,-1,412
276,1,-1,413
277,1,-1,414
278,1,-1,415
279,1,-1,416
280,1,-1,417
281,1,-1,418
282,3,4,421
283,1,-5,422
284,4,1,426
285,1,-1,427
286,3,3,430
287,1,-1,431
288,2,1,433
289,3,0,436
290,1,-1,437
291,1,-1,438
292,5,0,443
293,1,-1,444
294,1,-1,445
295,3,3,448
296,1,-1,449
297,1,-1,450
298,1,-1,451
299,1,-1,452
300,1,-1,453
301,1,-5,454
302,2,8,456
303,2,9,458
304,1,-1,459
305,1,-1,460
306,1,-1,461
307,3,8,464
308,1,-5,465
309,1,-1,466
310,1,-1,467
311,3,5,470
312,1,-5,471
313,3,9,474
314,1,-5,475
315,3,0,478
316,4,9,482
317,1,-1,483
318,1,-1,484
319,1,-5,485
320,3,0,488
321,1,-1,489
322,1,-1,490
323,1,-5,491
324,2,9,493
325,3,5,496
326,1,-1,497
327,1,-1,498
328,1,-1,499
329,1,-1,500
330,3,6,503
331,1,-1,504
332,1,-1,505
333,1,-1,506
334,1,-1,507
335,1,-1,508
336,1,-1,509
337,1,-1,510
338,1,-1,511
339,1,-5,512
340,3,9,515
341,3,9,518
342,3,9,521
343,4,3,525
344,1,-1,526
345,1,-1,527
346,3,3,530
347,4,9,534
348,1,-1,535
349,1,-1,536
350,1,-1,537
351,1,-1,538
352,1,-1,539
353,1,-1,540
354,1,-1,541
355,1,-1,542
356,3,5,545
357,1,-1,546
358,1,-1,547
359,1,-1,548
360,1,-1,549
361,1,-5,550
362,3,9,553
363,1,-1,554
364,1,-1,555
365,1,-1,556
366,1,-1,557
367,3,9,560
368,1,-1,561
369,1,-1,562
370,1,-1,563
371,3,5,566
372,1,-1,567
373,1,-1,568
374,4,0,572
375,1,-5,573
376,1,-5,574
377,3,5,577
378,3,9,580
379,1,-1,581
380,1,-1,582
381,3,7,585
382,3,9,588
383,1,-5,589
384,1,-5,590
385,3,0,593
386,1,-5,594
387,1,-1,595
388,1,-1,596
389,1,-1,597
390,1,-1,598
391,3,5,601
392,1,-1,602
393,1,-1,603
394,1,-1,604
395,1,-1,605
396,1,-1,606
397,3,3,609
398,1,-5,610
399,2,5,612
400,1,-1,613
401,1,-1,614
402,1,-1,615
403,1,-1,616
404,1,-1,617
405,1,-1,618
406,1,-1,619
407,1,-1,620
408,1,-1,621
409,1,-1,622
410,1,-1,623
411,1,-1,624
412,1,-1,625
413,2,9,627
414,3,9,630
415,1,-1,631
416,1,-1,632
417,1,-1,633
418,1,-1,634
419,1,-1,635
420,1,-5,636
421,2,4,638
422,1,-5,639
423,5,3,644
424,1,-1,645
425,3,1,648
426,1,-5,649
427,3,9,652
428,4,4,656
429,1,-5,657
430,1,-1,658
431,1,-1,659
432,1,-1,660
433,1,-1,661
434,1,-1,662
435,1,-1,663
436,1,-1,664
437,4,7,668
438,1,-1,669
439,1,-1,670
440,1,-1,671
441,1,-1,672
442,1,-1,673
443,1,-1,674
444,1,-1,675
445,3,3,678
446,1,-1,679
447,2,1,681
448,2,5,683
449,1,-1,684
450,1,-1,685
451,3,1,688
452,1,-1,689
453,1,-1,690
454,2,7,692
455,1,-5,693
456,4,8,697
457,1,-5,698
458,1,-1,699
459,1,-1,700
460,1,-1,701
461,1,-1,702
462,3,7,705
463,1,-5,706
464,1,-1,707
465,3,3,710
466,1,-1,711
467,1,-1,712
468,3,9,715
469,1,-1,716
470,1,-1,717
471,1,-1,718
472,3,6,721
473,4,7,725
474,1,-5,726
475,1,-1,727
476,1,-1,728
477,1,-1,729
478,1,-1,730
479,1,-1,731
480,1,-1,732
481,1,-1,733
482,1,-1,734
483,3,3,737
484,1,-1,738
485,1,-5,739
486,3,0,742
487,1,-1,743
488,3,6,746
489,1,-1,747
490,3,0,750
491,1,-1,751
492,1,-1,752
493,1,-1,753
494,1,-1,754
495,1,-1,755
496,1,-1,756
497,1,-1,757
498,1,-1,758
499,1,-1,759
500,3,8,762
501,3,7,765
502,1,-1,766
503,1,-1,767
504,1,-1,768
505,1,-1,769
506,3,7,772
507,1,-1,773
508,1,-1,774
509,1,-1,775
510,1,-1,776
511,1,-1,777
512,1,-1,778
513,1,-1,779
514,1,-1,780
515,3,7,783
516,1,-1,784
517,1,-1,785
518,1,-1,786
519,1,-1,787
520,1,-1,788
521,1,-1,789
522,1,-1,790
523,1,-1,791
524,1,-1,792
525,3,8,795
526,2,1,797
527,3,3,800
528,3,9,803
529,3,4,806
530,1,-1,807
531,1,-1,808
532,3,5,811
533,1,-1,812
534,1,-1,813
535,1,-1,814
536,1,-1,815
537,1,-1,816
538,1,-5,817
539,3,0,820
540,2,7,822
541,1,-1,823
542,1,-1,824
543,1,-1,825
544,1,-1,826
545,1,-1,827
546,1,-1,828
547,3,1,831
548,1,-1,832
549,1,-1,833
550,3,7,836
551,1,-1,837
552,1,-1,838
553,1,-1,839
554,1,-1,840
555,3,5,843
556,1,-1,844
557,1,-1,845
558,3,7,848
559,1,-1,849
560,1,-5,850
561,3,7,853
562,3,1,856
563,1,-1,857
564,1,-1,858
565,1,-1,859
566,3,3,862
567,3,0,865
568,1,-1,866
569,1,-1,867
570,1,-1,868
571,1,-1,869
572,1,-1,870
573,1,-1,871
574,1,-1,872
575,3,7,875
576,1,-1,876
577,1,-1,877
578,1,-1,878
579,1,-1,879
580,1,-1,880
581,1,-1,881
582,1,-1,882
583,1,-1,883
584,1,-1,884
585,4,6,888
586,1,-1,889
587,1,-1,890
588,1,-1,891
589,1,-1,892
590,3,1,895
591,1,-5,896
592,6,8,902
593,1,-1,903
594,3,9,906
595,1,-5,907
596,1,-1,908
597,1,-1,909
598,1,-1,910
599,1,-1,911
600,1,-1,912
601,2,0,914
602,2,3,916
603,2,3,918
604,1,-1,919
605,1,-1,920
606,3,9,923
607,2,4,925
608,3,4,928
609,1,-5,929
610,1,-5,930
611,1,-1,931
612,3,5,934
613,1,-1,935
614,1,-1,936
615,3,7,939
616,3,9,942
617,1,-1,943
618,1,-1,944
619,1,-1,945
620,1,-1,946
621,3,5,949
622,1,-1,950
623,1,-1,951
624,1,-1,952
625,3,5,955
626,1,-1,956
627,1,-1,957
628,1,-1,958
629,1,-1,959
630,3,6,962
631,1,-1,963
632,1,-1,964
633,1,-1,965
634,1,-1,966
635,1,-1,967
636,1,-1,968
637,1,-1,969
638,1,-1,970
639,1,-1,971
640,5,3,976
641,1,-1,977
642,1,-1,978
643,1,-5,979
644,3,9,982
645,1,-5,983
646,1,-5,984
647,1,-1,985
648,1,-1,986
649,1,-1,987
650,1,-1,988
651,4,0,992
652,1,-5,993
653,1,-1,994
654,3,8,997
655,1,-1,998
656,1,-1,999
657,1,-1,1000
658,1,-1,1001
659,1,-1,1002
660,1,-1,1003
661,1,-1,1004
662,1,-1,1005
663,1,-1,1006
664,1,-1,1007
665,1,-1,1008
666,3,7,1011
667,1,-1,1012
668,1,-1,1013
669,1,-1,1014
670,1,-1,1015
671,1,-1,1016
672,1,-1,1017
673,1,-1,1018
674,3,7,1021
675,1,-5,1022
676,1,-1,1023
677,1,-1,1024
678,1,-1,1025
679,1,-1,1026
680,1,-1,1027
681,3,1,1030
682,3,3,1033
683,1,-1,1034
684,1,-1,1035
685,1,-1,1036
686,1,-5,1037
687,3,7,1040
688,1,-1,1041
689,1,-1,1042
690,2,3,1044
691,5,6,1049
692,1,-1,1050
693,1,-1,1051
694,1,-1,1052
695,1,-1,1053
696,1,-1,1054
697,1,-1,1055
698,1,-1,1056
699,1,-5,1057
700,3,8,1060
701,1,-5,1061
702,1,-1,1062
703,1,-1,1063
704,1,-1,1064
705,3,6,1067
706,1,-5,1068
707,1,-1,1069
708,1,-1,1070
709,4,6,1074
710,1,-1,1075
711,1,-1,1076
712,4,3,1080
713,1,-5,1081
714,2,4,1083
715,3,0,1086
716,4,3,1090
717,1,-1,1091
718,1,-1,1092
719,1,-1,1093
720,1,-1,1094
721,1,-1,1095
722,1,-1,1096
723,1,-1,1097
724,1,-1,1098
725,1,-1,1099
726,1,-1,1100
727,1,-1,1101
728,5,6,1106
729,1,-1,1107
730,1,-1,1108
731,1,-5,1109
732,1,-5,1110
733,4,8,1114
734,1,-5,1115
735,1,-1,1116
736,1,-1,1117
737,3,1,1120
738,3,5,1123
739,1,-1,1124
740,4,7,1128
741,1,-1,1129
742,1,-1,1130
743,3,0,1133
744,1,-1,1134
745,3,8,1137
746,3,5,1140
747,1,-1,1141
748,1,-1,1142
749,1,-1,1143
750,1,-1,1144
751,1,-1,1145
752,1,-1,1146
753,1,-1,1147
754,3,7,1150
755,2,0,1152
756,3,0,1155
757,1,-5,1156
758,3,1,1159
759,3,5,1162
760,2,6,1164
761,3,7,1167
762,5,7,1172
763,1,-5,1173
764,1,-1,1174
765,1,-1,1175
766,1,-1,1176
767,3,9,1179
768,2,1,1181
769,1,-1,1182
770,2,5,1184
771,1,-1,1185
772,1,-1,1186
773,1,-1,1187
774,1,-1,1188
775,3,7,1191
776,4,3,1195
777,5,3,1200
778,1,-1,1201
779,1,-1,1202
780,1,-1,1203
781,1,-1,1204
782,1,-5,1205
783,3,0,1208
784,1,-5,1209
785,1,-5,1210
786,1,-5,1211
787,1,-1,1212
788,4,3,1216
789,1,-1,1217
790,1,-1,1218
791,1,-1,1219
792,1,-1,1220
793,1,-1,1221
794,1,-5,1222
795,4,9,1226
796,1,-5,1227
797,3,5,1230
798,2,8,1232
799,3,1,1235
800,2,5,1237
801,1,-1,1238
802,3,7,1241
803,1,-1,1242
804,1,-1,1243
805,1,-1,1244
806,2,8,1246
807,1,-5,1247
808,3,3,1250
809,1,-1,1251
810,1,-1,1252
811,1,-1,1253
812,1,-1,1254
813,3,9,1257
814,1,-1,1258
815,1,-1,1259
816,1,-1,1260
817,3,1,1263
818,2,1,1265
819,3,3,1268
820,1,-5,1269
821,3,7,1272
822,1,-1,1273
823,1,-1,1274
824,1,-1,1275
825,1,-1,1276
826,1,-1,1277
827,1,-1,1278
828,1,-1,1279
829,1,-1,1280
830,3,5,1283
831,4,9,1287
832,1,-5,1288
833,1,-5,1289
834,1,-5,1290
835,2,4,1292
836,3,9,1295
837,3,9,1298
838,1,-1,1299
839,1,-1,1300
840,1,-1,1301
841,3,0,1304
842,3,0,1307
843,1,-5,1308
844,3,3,1311
845,1,-1,1312
846,1,-1,1313
847,3,3,1316
848,1,-1,1317
849,1,-1,1318
850,1,-5,1319
851,3,9,1322
852,1,-1,1323
853,1,-1,1324
854,3,7,1327
855,2,5,1329
856,1,-5,1330
857,2,3,1332
858,1,-1,1333
859,1,-1,1334
860,1,-1,1335
861,4,3,1339
862,1,-1,1340
863,1,-1,1341
864,1,-1,1342
865,1,-5,1343
866,1,-5,1344
867,2,5,1346
868,1,-5,1347
869,4,9,1351
870,1,-1,1352
871,2,0,1354
872,3,0,1357
873,3,3,1360
874,1,-1,1361
875,1,-1,1362
876,1,-1,1363
877,1,-1,1364
878,3,6,1367
879,3,0,1370
880,1,-5,1371
881,1,-5,1372
882,1,-5,1373
883,3,0,1376
884,1,-1,1377
885,1,-1,1378
886,1,-1,1379
887,1,-1,1380
888,1,-1,1381
889,1,-1,1382
890,1,-1,1383
891,1,-1,1384
892,4,3,1388
893,1,-1,1389
894,3,6,1392
895,3,5,1395
896,2,0,1397
897,3,7,1400
898,1,-1,1401
899,3,5,1404
900,1,-5,1405
901,1,-1,1406
902,3,7,1409
903,1,-1,1410
904,1,-1,1411
905,1,-1,1412
906,1,-1,1413
907,1,-1,1414
908,1,-1,1415
909,1,-5,1416
910,3,5,1419
911,2,6,1421
912,1,-1,1422
913,1,-1,1423
914,1,-1,1424
915,1,-1,1425
916,1,-1,1426
917,1,-1,1427
918,1,-1,1428
919,3,5,1431
920,1,-1,1432
921,1,-1,1433
922,1,-1,1434
923,1,-1,1435
924,1,-1,1436
925,1,-1,1437
926,1,-1,1438
927,1,-1,1439
928,1,-1,1440
929,1,-1,1441
930,1,-1,1442
931,1,-1,1443
932,1,-1,1444
933,1,-1,1445
934,1,-1,1446
935,1,-1,1447
936,1,-5,1448
937,3,0,1451
938,1,-5,1452
939,1,-1,1453
940,1,-1,1454
941,1,-1,1455
942,2,8,1457
943,1,-5,1458
944,3,9,1461
945,1,-5,1462
946,3,5,1465
947,4,3,1469
948,1,-1,1470
949,1,-1,1471
950,1,-1,1472
951,1,-5,1473
952,3,5,1476
953,3,5,1479
954,4,5,1483
955,1,-1,1484
956,1,-1,1485
957,1,-1,1486
958,1,-1,1487
959,1,-1,1488
960,1,-1,1489
961,1,-1,1490
962,1,-1,1491
963,1,-1,1492
964,1,-1,1493
965,1,-1,1494
966,1,-1,1495
967,1,-1,1496
968,1,-1,1497
969,1,-1,1498
970,1,-1,1499
971,1,-1,1500
972,1,-1,1501
973,1,-1,1502
974,1,-1,1503
975,1,-1,1504
976,1,-1,1505
977,1,-1,1506
978,1,-1,1507
979,1,-1,1508
980,1,-1,1509
981,3,7,1512
982,3,5,1515
983,1,-1,1516
984,1,-1,1517
985,2,8,1519
986,3,5,1522
987,2,4,1524
988,3,7,1527
989,3,3,1530
990,1,-1,1531
991,1,-1,1532
992,1,-1,1533
993,2,7,1535
994,3,3,1538
995,1,-1,1539
996,1,-1,1540
997,1,-1,1541
998,1,-1,1542
999,1,-1,1543
1000,1,-1,1544
1001,1,-1,1545
1002,1,-1,1546
1003,1,-1,1547
1004,1,-1,1548
1005,1,-1,1549
1006,1,-1,1550
1007,1,-1,1551
1008,1,-1,1552
1009,1,-1,1553
1010,5,9,1558
1011,1,-5,1559
1012,1,-1,1560
1013,1,-1,1561
1014,3,3,1564
1015,1,-1,1565
1016,1,-1,1566
1017,3,5,1569
1018,3,7,1572
1019,1,-1,1573
1020,1,-1,1574
1021,1,-1,1575
1022,1,-1,1576
1023,1,-1,1577
1024,1,-1,1578
1025,1,-1,1579
1026,4,0,1583
1027,1,-1,1584
1028,1,-1,1585
1029,1,-1,1586
1030,1,-1,1587
1031,1,-5,1588
1032,2,0,1590
1033,1,-5,1591
1034,1,-1,1592
1035,1,-1,1593
1036,1,-1,1594
1037,1,-1,1595
1038,3,3,1598
1039,1,-1,1599
1040,1,-1,1600
1041,1,-1,1601
1042,1,-1,1602
1043,1,-1,1603
1044,1,-1,1604
1045,1,-5,1605
1046,3,8,1608
1047,1,-5,1609
1048,3,0,1612
1049,1,-5,1613
1050,3,1,1616
1051,1,-1,1617
1052,1,-1,1618
1053,1,-1,1619
1054,1,-1,1620
1055,1,-1,1621
1056,1,-1,1622
1057,1,-1,1623
1058,3,7,1626
1059,1,-1,1627
1060,3,0,1630
1061,1,-1,1631
1062,1,-1,1632
1063,4,6,1636
1064,2,3,1638
1065,3,8,1641
1066,1,-1,1642
1067,1,-1,1643
1068,3,4,1646
1069,2,8,1648
1070,5,5,1653
1071,1,-1,1654
1072,2,1,1656
1073,1,-5,1657
1074,3,9,1660
1075,1,-1,1661
1076,1,-1,1662
1077,1,-1,1663
1078,1,-1,1664
1079,1,-1,1665
1080,1,-5,1666
1081,4,9,1670
1082,3,4,1673
1083,2,9,1675
1084,3,6,1678
1085,1,-1,1679
1086,1,-1,1680
1087,2,8,1682
1088,4,4,1686
1089,1,-1,1687
1090,1,-1,1688
1091,1,-1,1689
1092,1,-1,1690
1093,1,-1,1691
1094,2,7,1693
1095,3,3,1696
1096,1,-1,1697
1097,1,-1,1698
1098,4,9,1702
1099,2,7,1704
1100,3,0,1707
1101,1,-1,1708
1102,1,-1,1709
1103,1,-1,1710
1104,1,-1,1711
1105,1,-1,1712
1106,2,5,1714
1107,3,5,1717
1108,3,4,1720
1109,1,-1,1721
1110,1,-1,1722
1111,1,-1,1723
1112,1,-1,1724
1113,1,-1,1725
1114,1,-1,1726
1115,1,-1,1727
1116,1,-5,1728
1117,3,9,1731
1118,1,-5,1732
1119,1,-1,1733
1120,3,7,1736
1121,1,-1,1737
1122,1,-1,1738
1123,1,-1,1739
1124,1,-1,1740
1125,3,5,1743
1126,4,8,1747
1127,1,-1,1748
1128,1,-1,1749
1129,1,-1,1750
1130,2,0,1752
1131,2,8,1754
1132,1,-1,1755
1133,1,-1,1756
1134,1,-1,1757
1135,3,5,1760
1136,1,-1,1761
1137,1,-1,1762
1138,1,-1,1763
1139,1,-5,1764
1140,1,-5,1765
1141,3,5,1768
1142,2,1,1770
1143,1,-5,1771
1144,4,8,1775
1145,2,7,1777
1146,1,-1,1778
1147,1,-1,1779
1148,3,0,1782
1149,3,5,1785
1150,1,-1,1786
1151,3,6,1789
1152,1,-1,1790
1153,3,8,1793
1154,3,5,1796
1155,1,-1,1797
1156,1,-5,1798
1157,3,4,1801
1158,3,5,1804
1159,3,0,1807
1160,1,-1,1808
1161,3,7,1811
1162,4,1,1815
1163,1,-1,1816
1164,1,-5,1817
1165,3,0,1820
1166,3,8,1823
1167,3,9,1826
1168,1,-1,1827
1169,1,-1,1828
1170,1,-1,1829
1171,1,-1,1830
1172,1,-1,1831
1173,1,-1,1832
1174,1,-5,1833
1175,3,0,1836
1176,1,-1,1837
1177,1,-1,1838
1178,1,-1,1839
1179,1,-5,1840
1180,3,0,1843
1181,1,-1,1844
1182,1,-1,1845
1183,2,5,1847
1184,3,5,1850
1185,3,0,1853
1186,1,-1,1854
1187,1,-1,1855
1188,3,1,1858
1189,3,3,1861
1190,1,-1,1862
1191,1,-1,1863
1192,1,-1,1864
1193,1,-1,1865
1194,1,-1,1866
1195,1,-1,1867
1196,1,-1,1868
1197,1,-1,1869
1198,3,8,1872
1199,3,0,1875
1200,1,-5,1876
1201,1,-1,1877
1202,1,-1,1878
1203,1,-1,1879
1204,1,-1,1880
1205,1,-1,1881
1206,3,0,1884
1207,2,7,1886
1208,1,-1,1887
1209,1,-1,1888
1210,1,-5,1889
1211,3,0,1892
1212,1,-1,1893
1213,1,-1,1894
1214,1,-1,1895
1215,1,-1,1896
1216,1,-1,1897
1217,3,1,1900
1218,4,1,1904
1219,1,-1,1905
1220,3,9,1908
1221,2,8,1910
1222,1,-1,1911
1223,3,8,1914
1224,1,-5,1915
1225,3,8,1918
1226,1,-1,1919
1227,1,-1,1920
1228,1,-1,1921
1229,3,5,1924
1230,2,9,1926
1231,2,3,1928
1232,3,3,1931
1233,1,-1,1932
1234,1,-1,1933
1235,3,8,1936
1236,1,-5,1937
1237,3,3,1940
1238,3,5,1943
1239,1,-1,1944
1240,1,-1,1945
1241,1,-1,1946
1242,1,-1,1947
1243,1,-1,1948
1244,3,5,1951
1245,1,-5,1952
1246,1,-1,1953
1247,3,7,1956
1248,3,1,1959
1249,4,9,1963
1250,5,5,1968
1251,2,0,1970
1252,1,-1,1971
1253,1,-1,1972
1254,3,5,1975
1255,1,-1,1976
1256,1,-1,1977
1257,4,5,1981
1258,1,-1,1982
1259,1,-1,1983
1260,2,5,1985
1261,1,-1,1986
1262,1,-1,1987
1263,1,-1,1988
1264,1,-1,1989
1265,1,-1,1990
1266,1,-1,1991
1267,1,-1,1992
1268,1,-1,1993
1269,1,-1,1994
1270,1,-1,1995
1271,1,-1,1996
1272,1,-1,1997
1273,1,-1,1998
1274,1,-1,1999
1275,1,-1,2000
1276,1,-1,2001
1277,1,-5,2002
1278,3,0,2005
1279,1,-5,2006
1280,1,-1,2007
1281,3,4,2010
1282,3,9,2013
1283,2,9,2015
1284,3,7,2018
1285,1,-1,2019
1286,1,-1,2020
1287,1,-1,2021
1288,1,-1,2022
1289,3,2,2025
1290,1,-1,2026
1291,1,-1,2027
1292,3,3,2030
1293,1,-1,2031
1294,1,-1,2032
1295,1,-1,2033
1296,1,-1,2034
1297,3,0,2037
1298,1,-1,2038
1299,1,-1,2039
1300,1,-1,2040
1301,1,-1,2041
1302,1,-1,2042
1303,1,-1,2043
1304,5,7,2048
1305,1,-1,2049
1306,1,-1,2050
1307,1,-1,2051
1308,1,-1,2052
1309,1,-1,2053
1310,1,-1,2054
1311,1,-5,2055
1312,3,4,2058
1313,3,8,2061
1314,2,9,2063
1315,3,9,2066
1316,3,5,2069
1317,2,5,2071
1318,1,-5,2072
1319,3,0,2075
1320,1,-5,2076
1321,1,-1,2077
1322,1,-1,2078
1323,1,-1,2079
1324,3,9,2082
1325,2,0,2084
1326,1,-1,2085
1327,1,-1,2086
1328,1,-1,2087
1329,1,-1,2088
1330,1,-1,2089
1331,1,-1,2090
1332,3,8,2093
1333,1,-5,2094
1334,3,7,2097
1335,1,-1,2098
1336,1,-1,2099
1337,1,-1,2100
1338,1,-1,2101
1339,1,-1,2102
1340,3,3,2105
1341,1,-5,2106
1342,1,-1,2107
1343,1,-1,2108
1344,1,-5,2109
1345,3,3,2112
1346,1,-1,2113
1347,2,1,2115
1348,2,4,2117
1349,1,-5,2118
1350,3,4,2121
1351,1,-5,2122
1352,3,0,2125
1353,1,-5,2126
1354,1,-1,2127
1355,1,-5,2128
1356,3,9,2131
1357,1,-1,2132
1358,1,-1,2133
1359,1,-1,2134
1360,1,-1,2135
1361,1,-1,2136
1362,4,5,2140
1363,1,-1,2141
1364,1,-1,2142
1365,3,9,2145
1366,3,5,2148
1367,1,-5,2149
1368,1,-1,2150
1369,1,-1,2151
1370,1,-1,2152
1371,1,-5,2153
1372,3,0,2156
1373,1,-5,2157
1374,1,-1,2158
1375,1,-1,2159
1376,1,-1,2160
1377,1,-1,2161
1378,1,-1,2162
1379,1,-1,2163
1380,1,-1,2164
1381,3,9,2167
1382,1,-1,2168
1383,1,-1,2169
1384,1,-1,2170
1385,1,-1,2171
1386,1,-1,2172
1387,1,-1,2173
1388,1,-1,2174
1389,1,-1,2175
1390,3,5,2178
1391,1,-1,2179
1392,1,-1,2180
1393,4,7,2184
1394,1,-1,2185
1395,1,-1,2186
1396,1,-1,2187
1397,3,9,2190
1398,1,-1,2191
1399,1,-1,2192
1400,1,-1,2193
1401,1,-1,2194
1402,1,-1,2195
1403,1,-1,2196
1404,1,-1,2197
1405,1,-1,2198
1406,1,-1,2199
1407,1,-1,2200
1408,1,-1,2201
1409,1,-1,2202
1410,1,-1,2203
1411,1,-1,2204
1412,1,-1,2205
1413,1,-1,2206
1414,1,-1,2207
1415,3,1,2210
1416,1,-1,2211
1417,1,-1,2212
1418,1,-5,2213
1419,3,5,2216
1420,1,-1,2217
1421,1,-1,2218
1422,1,-1,2219
1423,1,-1,2220
1424,1,-1,2221
1425,1,-1,2222
1426,3,9,2225
1427,2,4,2227
1428,1,-5,2228
1429,1,-1,2229
1430,1,-1,2230
1431,1,-1,2231
1432,1,-5,2232
1433,3,0,2235
1434,1,-5,2236
1435,1,-1,2237
1436,3,3,2240
1437,2,6,2242
1438,2,4,2244
1439,1,-5,2245
1440,1,-1,2246
1441,1,-1,2247
1442,1,-1,2248
1443,1,-1,2249
1444,1,-1,2250
1445,1,-1,2251
1446,1,-5,2252
1447,3,0,2255
1448,3,3,2258
1449,1,-1,2259
1450,1,-1,2260
1451,1,-1,2261
1452,1,-1,2262
1453,1,-5,2263
1454,3,0,2266
1455,1,-1,2267
1456,1,-1,2268
1457,1,-1,2269
1458,1,-1,2270
1459,1,-1,2271
1460,1,-1,2272
1461,4,3,2276
1462,1,-1,2277
1463,3,7,2280
1464,1,-5,2281
1465,1,-1,2282
1466,1,-1,2283
1467,1,-1,2284
1468,3,5,2287
1469,3,3,2290
1470,1,-1,2291
1471,2,6,2293
1472,3,0,2296
1473,1,-5,2297
1474,2,6,2299
1475,2,8,2301
1476,3,5,2304
1477,1,-1,2305
1478,1,-1,2306
1479,3,7,2309
1480,1,-1,2310
1481,4,5,2314
1482,1,-1,2315
1483,1,-1,2316
1484,1,-1,2317
1485,1,-1,2318
1486,5,3,2323
1487,1,-1,2324
1488,1,-1,2325
1489,1,-1,2326
1490,1,-1,2327
1491,3,7,2330
1492,1,-1,2331
1493,3,4,2334
1494,1,-5,2335
1495,3,0,2338
1496,1,-1,2339
1497,1,-1,2340
1498,1,-1,2341
1499,1,-1,2342
1500,1,-1,2343
1501,1,-1,2344
1502,1,-1,2345
1503,1,-1,2346
1504,1,-1,2347
1505,1,-1,2348
1506,1,-1,2349
1507,1,-1,2350
1508,1,-5,2351
1509,3,8,2354
1510,1,-5,2355
1511,1,-5,2356
1512,3,5,2359
1513,1,-1,2360
1514,1,-1,2361
1515,3,7,2364
1516,1,-1,2365
1517,1,-5,2366
1518,4,0,2370
1519,1,-5,2371
1520,1,-5,2372
1521,1,-1,2373
1522,1,-1,2374
1523,1,-1,2375
1524,1,-1,2376
1525,3,3,2379
1526,1,-5,2380
1527,1,-5,2381
1528,4,9,2385
1529,1,-1,2386
1530,1,-1,2387
1531,1,-1,2388
1532,1,-1,2389
1533,1,-1,2390
1534,1,-1,2391
1535,1,-1,2392
1536,1,-1,2393
1537,1,-1,2394
1538,3,0,2397
1539,1,-1,2398
1540,1,-1,2399
1541,1,-1,2400
1542,1,-1,2401
1543,1,-1,2402
1544,1,-1,2403
1545,3,3,2406
1546,1,-1,2407
1547,3,9,2410
1548,1,-5,2411
1549,3,3,2414
1550,1,-1,2415
1551,1,-1,2416
1552,1,-1,2417
1553,1,-5,2418
1554,3,9,2421
1555,1,-5,2422
1556,4,9,2426
1557,1,-1,2427
1558,1,-1,2428
1559,1,-1,2429
1560,4,5,2433
1561,1,-1,2434
1562,1,-1,2435
1563,3,7,2438
1564,3,5,2441
1565,1,-1,2442
1566,1,-1,2443
1567,1,-1,2444
1568,1,-1,2445
1569,1,-1,2446
1570,1,-1,2447
1571,1,-1,2448
1572,3,9,2451
1573,1,-1,2452
1574,1,-1,2453
1575,1,-1,2454
1576,1,-5,2455
1577,3,4,2458
1578,1,-5,2459
1579,1,-1,2460
1580,3,2,2463
1581,2,6,2465
1582,1,-1,2466
1583,1,-1,2467
1584,1,-1,2468
1585,1,-1,2469
1586,1,-1,2470
1587,1,-1,2471
1588,1,-1,2472
1589,1,-1,2473
1590,1,-1,2474
1591,1,-1,2475
1592,1,-1,2476
1593,1,-1,2477
1594,1,-1,2478
1595,1,-1,2479
1596,1,-1,2480
1597,1,-1,2481
1598,1,-1,2482
1599,1,-1,2483
1600,1,-1,2484
1601,1,-1,2485
1602,1,-1,2486
1603,1,-1,2487
1604,2,4,2489
1605,3,3,2492
1606,1,-1,2493
1607,1,-1,2494
1608,1,-1,2495
1609,3,5,2498
1610,1,-5,2499
1611,1,-1,2500
1612,3,0,2503
1613,1,-1,2504
1614,1,-1,2505
1615,1,-1,2506
1616,1,-1,2507
1617,1,-1,2508
1618,2,9,2510
1619,3,9,2513
1620,1,-1,2514
1621,1,-1,2515
1622,3,5,2518
1623,1,-1,2519
1624,1,-1,2520
1625,1,-1,2521
1626,1,-1,2522
1627,1,-1,2523
1628,1,-5,2524
1629,3,3,2527
1630,1,-1,2528
1631,1,-1,2529
1632,2,1,2531
1633,3,5,2534
1634,1,-1,2535
1635,1,-1,2536
1636,3,8,2539
1637,3,3,2542
1638,1,-1,2543
1639,1,-1,2544
1640,1,-1,2545
1641,1,-1,2546
1642,1,-1,2547
1643,1,-1,2548
1644,2,9,2550
1645,1,-5,2551
1646,1,-1,2552
1647,1,-1,2553
1648,1,-1,2554
1649,1,-1,2555
1650,1,-5,2556
1651,3,9,2559
1652,1,-1,2560
1653,4,3,2564
1654,1,-1,2565
1655,1,-1,2566
1656,1,-1,2567
1657,1,-1,2568
1658,1,-1,2569
1659,1,-1,2570
1660,3,4,2573
1661,1,-1,2574
1662,1,-1,2575
1663,1,-1,2576
1664,1,-1,2577
1665,1,-1,2578
1666,1,-1,2579
1667,1,-1,2580
1668,2,4,2582
1669,1,-5,2583
1670,3,7,2586
1671,1,-1,2587
1672,1,-1,2588
1673,1,-1,2589
1674,1,-1,2590
1675,1,-1,2591
1676,1,-1,2592
1677,1,-5,2593
1678,3,0,2596
1679,1,-1,2597
1680,1,-1,2598
1681,1,-1,2599
1682,1,-1,2600
1683,1,-1,2601
1684,1,-1,2602
1685,1,-1,2603
1686,1,-1,2604
1687,3,1,2607
1688,3,8,2610
1689,3,5,2613
1690,1,-1,2614
1691,1,-1,2615
1692,1,-1,2616
1693,1,-1,2617
1694,2,7,2619
1695,3,9,2622
1696,1,-5,2623
1697,3,7,2626
1698,1,-1,2627
1699,1,-1,2628
1700,1,-1,2629
1701,1,-1,2630
1702,1,-1,2631
1703,1,-1,2632
1704,1,-1,2633
1705,2,5,2635
1706,3,3,2638
1707,1,-5,2639
1708,3,0,2642
1709,1,-1,2643
1710,3,6,2646
1711,2,4,2648
1712,3,0,2651
1713,3,6,2654
1714,1,-1,2655
1715,3,7,2658
1716,2,4,2660
1717,3,3,2663
1718,1,-1,2664
1719,1,-1,2665
1720,3,4,2668
1721,4,5,2672
1722,1,-1,2673
1723,3,1,2676
1724,1,-1,2677
1725,1,-1,2678
1726,1,-1,2679
1727,2,4,2681
1728,3,8,2684
1729,3,8,2687
1730,1,-5,2688
1731,1,-5,2689
1732,2,4,2691
1733,3,5,2694
1734,1,-1,2695
1735,1,-1,2696
1736,1,-1,2697
1737,1,-1,2698
1738,2,3,2700
1739,1,-1,2701
1740,1,-1,2702
1741,3,5,2705
1742,1,-1,2706
1743,1,-1,2707
1744,1,-1,2708
1745,1,-1,2709
1746,4,5,2713
1747,1,-1,2714
1748,1,-1,2715
1749,3,3,2718
1750,1,-1,2719
1751,1,-1,2720
1752,3,8,2723
1753,1,-1,2724
1754,1,-1,2725
1755,1,-1,2726
1756,1,-1,2727
1757,1,-1,2728
1758,1,-1,2729
1759,1,-1,2730
1760,1,-1,2731
1761,1,-5,2732
1762,3,0,2735
1763,1,-5,2736
1764,1,-5,2737
1765,3,9,2740
1766,1,-5,2741
1767,1,-1,2742
1768,1,-1,2743
1769,4,9,2747
1770,1,-1,2748
1771,2,5,2750
1772,1,-5,2751
1773,3,0,2754
1774,1,-1,2755
1775,1,-1,2756
1776,1,-1,2757
1777,1,-1,2758
1778,1,-1,2759
1779,1,-1,2760
1780,1,-1,2761
1781,1,-1,2762
1782,2,9,2764
1783,3,4,2767
1784,2,0,2769
1785,1,-1,2770
1786,1,-1,2771
1787,1,-1,2772
1788,1,-1,2773
1789,1,-1,2774
1790,1,-1,2775
1791,1,-1,2776
1792,1,-1,2777
1793,1,-1,2778
1794,1,-5,2779
1795,1,-5,2780
1796,3,5,2783
1797,1,-5,2784
1798,1,-1,2785
1799,1,-1,2786
1800,1,-1,2787
1801,1,-1,2788
1802,1,-1,2789
1803,1,-1,2790
1804,1,-1,2791
1805,1,-1,2792
1806,1,-1,2793
1807,1,-1,2794
1808,1,-1,2795
1809,1,-1,2796
1810,4,5,2800
1811,2,1,2802
1812,1,-1,2803
1813,1,-1,2804
1814,3,3,2807
1815,3,8,2810
1816,1,-1,2811
1817,1,-5,2812
1818,6,5,2818
1819,1,-1,2819
1820,1,-1,2820
1821,3,2,2823
1822,3,9,2826
1823,1,-1,2827
1824,1,-1,2828
1825,3,0,2831
1826,1,-1,2832
1827,1,-1,2833
1828,1,-1,2834
1829,1,-1,2835
1830,1,-5,2836
1831,1,-5,2837
1832,3,0,2840
1833,1,-1,2841
1834,1,-1,2842
1835,1,-1,2843
1836,2,7,2845
1837,3,9,2848
1838,1,-1,2849
1839,3,3,2852
1840,2,7,2854
1841,1,-1,2855
1842,1,-1,2856
1843,1,-1,2857
1844,4,3,2861
1845,2,7,2863
1846,1,-5,2864
1847,1,-1,2865
1848,1,-1,2866
1849,1,-1,2867
1850,1,-1,2868
1851,1,-5,2869
1852,2,5,2871
1853,1,-1,2872
1854,1,-1,2873
1855,1,-1,2874
1856,1,-1,2875
1857,1,-1,2876
1858,1,-5,2877
1859,3,0,2880
1860,1,-5,2881
1861,1,-1,2882
1862,4,3,2886
1863,1,-1,2887
1864,1,-1,2888
1865,1,-1,2889
1866,1,-1,2890
1867,1,-1,2891
1868,1,-1,2892
1869,1,-1,2893
1870,1,-1,2894
1871,1,-1,2895
1872,1,-1,2896
1873,1,-1,2897
1874,1,-1,2898
1875,1,-1,2899
1876,1,-1,2900
1877,1,-1,2901
1878,1,-1,2902
1879,1,-1,2903
1880,1,-1,2904
1881,1,-1,2905
1882,1,-1,2906
1883,1,-1,2907
1884,3,4,2910
1885,1,-5,2911
1886,1,-1,2912
1887,1,-1,2913
1888,1,-1,2914
1889,1,-1,2915
1890,2,9,2917
1891,1,-5,2918
1892,3,8,2921
1893,1,-5,2922
1894,1,-5,2923
1895,1,-1,2924
1896,1,-5,2925
1897,3,8,2928
1898,3,9,2931
1899,1,-1,2932
1900,1,-1,2933
1901,3,0,2936
1902,1,-5,2937
1903,2,4,2939
1904,3,8,2942
1905,2,6,2944
1906,3,4,2947
1907,4,9,2951
1908,1,-1,2952
1909,1,-5,2953
1910,3,5,2956
1911,1,-5,2957
1912,1,-1,2958
1913,3,3,2961
1914,3,5,2964
1915,1,-1,2965
1916,2,3,2967
1917,4,0,2971
1918,1,-1,2972
1919,1,-1,2973
1920,1,-1,2974
1921,1,-1,2975
1922,1,-1,2976
1923,1,-1,2977
1924,1,-1,2978
1925,1,-5,2979
1926,3,0,2982
1927,2,0,2984
1928,3,8,2987
1929,3,5,2990
1930,3,8,2993
1931,1,-1,2994
1932,1,-1,2995
1933,3,1,2998
1934,1,-1,2999
1935,1,-1,3000
1936,1,-1,3001
1937,1,-1,3002
1938,1,-5,3003
1939,3,9,3006
1940,1,-5,3007
1941,2,4,3009
1942,3,8,3012
1943,1,-5,3013
1944,2,0,3015
1945,3,5,3018
1946,3,4,3021
1947,1,-5,3022
1948,3,6,3025
1949,1,-1,3026
1950,1,-1,3027
1951,1,-1,3028
1952,1,-1,3029
1953,1,-1,3030
1954,1,-1,3031
1955,1,-1,3032
1956,3,9,3035
1957,3,5,3038
1958,1,-1,3039
1959,1,-1,3040
1960,1,-1,3041
1961,1,-1,3042
1962,1,-1,3043
1963,3,5,3046
1964,1,-1,3047
1965,1,-1,3048
1966,3,8,3051
1967,1,-5,3052
1968,1,-1,3053
1969,1,-1,3054
1970,1,-1,3055
1971,1,-5,3056
1972,3,5,3059
1973,1,-1,3060
1974,1,-1,3061
1975,1,-1,3062
1976,4,9,3066
1977,3,1,3069
1978,3,1,3072
1979,1,-1,3073
1980,2,0,3075
1981,3,0,3078
1982,1,-5,3079
1983,1,-1,3080
1984,1,-1,3081
1985,3,5,3084
1986,1,-5,3085
1987,3,9,3088
1988,1,-1,3089
1989,1,-1,3090
1990,1,-1,3091
1991,1,-1,3092
1992,3,0,3095
1993,1,-5,3096
1994,1,-1,3097
1995,1,-1,3098
1996,3,2,3101
1997,1,-1,3102
1998,8,5,3110
1999,1,-5,3111
2000,1,-1,3112
2001,3,3,3115
2002,1,-1,3116
2003,1,-1,3117
2004,1,-5,3118
2005,3,9,3121
2006,1,-1,3122
2007,1,-1,3123
2008,1,-1,3124
2009,1,-1,3125
2010,1,-1,3126
2011,1,-1,3127
2012,3,7,3130
2013,1,-1,3131
2014,1,-1,3132
2015,1,-1,3133
2016,1,-1,3134
2017,3,3,3137
2018,1,-1,3138
2019,1,-1,3139
2020,1,-5,3140
2021,3,8,3143
2022,1,-5,3144
2023,1,-5,3145
2024,1,-1,3146
2025,1,-1,3147
2026,1,-1,3148
2027,3,5,3151
2028,1,-5,3152
2029,3,5,3155
2030,1,-1,3156
2031,4,9,3160
2032,2,1,3162
2033,3,6,3165
2034,3,7,3168
2035,1,-5,3169
2036,1,-1,3170
2037,1,-1,3171
2038,1,-1,3172
2039,1,-1,3173
2040,1,-1,3174
2041,1,-1,3175
2042,1,-5,3176
2043,4,9,3180
2044,1,-1,3181
2045,1,-1,3182
2046,1,-1,3183
2047,1,-1,3184
2048,3,5,3187
2049,2,3,3189
2050,1,-1,3190
2051,1,-1,3191
2052,2,7,3193
2053,1,-1,3194
2054,3,3,3197
2055,1,-1,3198
2056,2,6,3200
2057,3,7,3203
2058,2,5,3205
2059,1,-1,3206
2060,2,0,3208
2061,4,0,3212
2062,1,-1,3213
2063,1,-1,3214
2064,3,5,3217
2065,1,-1,3218
2066,1,-1,3219
2067,1,-1,3220
2068,1,-1,3221
2069,1,-1,3222
2070,3,7,3225
2071,2,9,3227
2072,3,8,3230
2073,3,7,3233
2074,3,6,3236
2075,1,-1,3237
2076,1,-5,3238
2077,3,6,3241
2078,1,-1,3242
2079,1,-1,3243
2080,1,-5,3244
2081,3,5,3247
2082,1,-1,3248
2083,1,-1,3249
2084,3,7,3252
2085,4,7,3256
2086,1,-1,3257
2087,1,-1,3258
2088,1,-1,3259
2089,1,-1,3260
2090,1,-1,3261
2091,1,-5,3262
2092,3,9,3265
2093,3,3,3268
2094,3,0,3271
2095,1,-1,3272
2096,3,4,3275
2097,1,-1,3276
2098,1,-1,3277
2099,1,-1,3278
2100,1,-1,3279
2101,1,-1,3280
2102,1,-1,3281
2103,1,-1,3282
2104,1,-1,3283
2105,1,-1,3284
2106,4,5,3288
2107,1,-1,3289
2108,1,-1,3290
2109,2,8,3292
2110,1,-5,3293
2111,1,-5,3294
2112,1,-1,3295
2113,1,-1,3296
2114,1,-1,3297
2115,1,-1,3298
2116,1,-1,3299
2117,1,-1,3300
2118,3,9,3303
2119,1,-5,3304
2120,3,3,3307
2121,1,-1,3308
2122,1,-1,3309
2123,3,8,3312
2124,1,-5,3313
2125,1,-1,3314
2126,1,-1,3315
2127,1,-1,3316
2128,1,-1,3317
2129,1,-1,3318
2130,1,-1,3319
2131,1,-5,3320
2132,3,5,3323
2133,1,-5,3324
2134,4,0,3328
2135,1,-5,3329
2136,1,-1,3330
2137,1,-1,3331
2138,1,-1,3332
2139,1,-1,3333
2140,1,-1,3334
2141,1,-1,3335
2142,1,-1,3336
2143,1,-1,3337
2144,1,-1,3338
2145,1,-5,3339
2146,3,4,3342
2147,1,-1,3343
2148,1,-1,3344
2149,1,-1,3345
2150,1,-1,3346
2151,1,-1,3347
2152,1,-1,3348
2153,1,-1,3349
2154,1,-1,3350
2155,1,-1,3351
2156,1,-1,3352
2157,1,-1,3353
2158,4,8,3357
2159,1,-5,3358
2160,1,-5,3359
2161,1,-5,3360
2162,3,5,3363
2163,1,-1,3364
2164,1,-1,3365
2165,4,5,3369
2166,1,-5,3370
2167,3,5,3373
2168,3,1,3376
2169,1,-1,3377
2170,1,-1,3378
2171,1,-5,3379
2172,3,0,3382
2173,1,-5,3383
2174,3,9,3386
2175,1,-1,3387
2176,1,-1,3388
2177,1,-1,3389
2178,1,-1,3390
2179,1,-5,3391
2180,3,9,3394
2181,1,-1,3395
2182,1,-1,3396
2183,1,-5,3397
2184,3,0,3400
2185,1,-5,3401
2186,1,-1,3402
2187,1,-1,3403
2188,4,0,3407
2189,1,-1,3408
2190,1,-1,3409
2191,1,-1,3410
2192,1,-1,3411
2193,1,-1,3412
2194,1,-1,3413
2195,1,-1,3414
2196,1,-1,3415
2197,1,-1,3416
2198,4,5,3420
2199,3,5,3423
2200,2,5,3425
2201,1,-5,3426
2202,1,-1,3427
2203,1,-1,3428
2204,1,-1,3429
2205,3,0,3432
2206,1,-5,3433
2207,1,-5,3434
2208,3,3,3437
2209,1,-1,3438
2210,1,-1,3439
2211,1,-5,3440
2212,3,3,3443
2213,1,-1,3444
2214,1,-1,3445
2215,1,-1,3446
2216,3,5,3449
2217,1,-1,3450
2218,1,-1,3451
2219,3,3,3454
2220,1,-1,3455
2221,1,-1,3456
2222,1,-1,3457
2223,1,-1,3458
2224,1,-1,3459
2225,1,-1,3460
2226,1,-5,3461
2227,3,4,3464
2228,2,1,3466
2229,1,-1,3467
2230,1,-1,3468
2231,1,-1,3469
2232,1,-1,3470
2233,1,-1,3471
2234,1,-1,3472
2235,3,9,3475
2236,1,-5,3476
2237,1,-5,3477
2238,1,-1,3478
2239,3,8,3481
2240,2,8,3483
2241,1,-1,3484
2242,3,1,3487
2243,1,-1,3488
2244,1,-1,3489
2245,1,-1,3490
2246,1,-1,3491
2247,1,-1,3492
2248,1,-1,3493
2249,1,-1,3494
2250,1,-1,3495
2251,1,-1,3496
2252,1,-1,3497
2253,3,8,3500
2254,1,-1,3501
2255,1,-1,3502
2256,1,-1,3503
2257,1,-1,3504
2258,1,-1,3505
2259,1,-1,3506
2260,1,-1,3507
2261,1,-1,3508
2262,1,-1,3509
2263,1,-1,3510
2264,1,-1,3511
2265,1,-1,3512
2266,3,3,3515
2267,1,-1,3516
2268,4,1,3520
2269,1,-1,3521
2270,1,-1,3522
2271,1,-5,3523
2272,1,-5,3524
2273,2,4,3526
2274,4,0,3530
2275,1,-1,3531
2276,1,-1,3532
2277,1,-1,3533
2278,1,-1,3534
2279,1,-1,3535
2280,1,-1,3536
2281,1,-1,3537
2282,1,-5,3538
2283,2,4,3540
2284,2,8,3542
2285,2,6,3544
2286,1,-1,3545
2287,3,5,3548
2288,1,-1,3549
2289,1,-1,3550
2290,1,-1,3551
2291,1,-1,3552
2292,1,-1,3553
2293,1,-1,3554
2294,1,-1,3555
2295,1,-1,3556
2296,2,7,3558
2297,3,5,3561
2298,1,-1,3562
2299,1,-1,3563
2300,1,-1,3564
2301,1,-1,3565
2302,1,-1,3566
2303,1,-1,3567
2304,1,-1,3568
2305,1,-1,3569
2306,1,-1,3570
2307,1,-1,3571
2308,1,-1,3572
2309,1,-1,3573
2310,1,-1,3574
2311,1,-1,3575
2312,1,-1,3576
2313,1,-1,3577
2314,4,9,3581
2315,1,-1,3582
2316,1,-5,3583
2317,1,-5,3584
2318,3,9,3587
2319,1,-1,3588
2320,1,-1,3589
2321,1,-5,3590
2322,3,7,3593
2323,1,-1,3594
2324,1,-1,3595
2325,3,0,3598
2326,1,-1,3599
2327,1,-1,3600
2328,3,9,3603
2329,1,-1,3604
2330,1,-1,3605
2331,1,-1,3606
2332,1,-1,3607
2333,1,-1,3608
2334,1,-1,3609
2335,3,3,3612
2336,1,-5,3613
2337,1,-1,3614
2338,1,-1,3615
2339,3,9,3618
2340,1,-1,3619
2341,1,-1,3620
2342,3,7,3623
2343,4,7,3627
2344,1,-1,3628
2345,1,-1,3629
2346,1,-1,3630
2347,1,-1,3631
2348,3,8,3634
2349,2,0,3636
2350,3,5,3639
2351,1,-1,3640
2352,1,-1,3641
2353,1,-1,3642
2354,3,4,3645
2355,3,3,3648
2356,2,9,3650
2357,1,-1,3651
2358,1,-1,3652
2359,1,-1,3653
2360,1,-1,3654
2361,1,-1,3655
2362,1,-1,3656
2363,1,-1,3657
2364,1,-5,3658
2365,3,3,3661
2366,1,-1,3662
2367,1,-1,3663
2368,1,-1,3664
2369,3,9,3667
2370,1,-5,3668
2371,3,4,3671
2372,1,-5,3672
2373,1,-1,3673
2374,1,-1,3674
2375,1,-1,3675
2376,1,-1,3676
2377,1,-1,3677
2378,3,7,3680
2379,1,-1,3681
2380,3,5,3684
2381,3,2,3687
2382,4,1,3691
2383,3,3,3694
2384,1,-1,3695
2385,4,5,3699
2386,1,-1,3700
2387,3,5,3703
2388,1,-5,3704
2389,1,-1,3705
2390,1,-1,3706
2391,1,-1,3707
2392,1,-1,3708
2393,1,-1,3709
2394,1,-1,3710
2395,1,-1,3711
2396,5,4,3716
2397,1,-1,3717
2398,1,-1,3718
2399,1,-1,3719
2400,3,3,3722
2401,3,8,3725
2402,2,4,3727
2403,1,-1,3728
2404,1,-1,3729
2405,1,-1,3730
2406,1,-1,3731
2407,1,-1,3732
2408,1,-1,3733
2409,1,-1,3734
2410,1,-1,3735
2411,1,-1,3736
2412,1,-1,3737
2413,1,-1,3738
2414,1,-1,3739
2415,1,-1,3740
2416,1,-1,3741
2417,1,-1,3742
2418,3,7,3745
2419,1,-1,3746
2420,1,-1,3747
2421,1,-1,3748
2422,1,-1,3749
2423,1,-1,3750
2424,1,-1,3751
2425,1,-1,3752
2426,1,-1,3753
2427,1,-1,3754
2428,1,-1,3755
2429,1,-1,3756
2430,1,-1,3757
2431,3,0,3760
2432,1,-1,3761
2433,1,-1,3762
2434,1,-1,3763
2435,1,-1,3764
2436,1,-1,3765
2437,1,-1,3766
2438,1,-1,3767
2439,1,-1,3768
2440,1,-1,3769
2441,4,3,3773
2442,1,-5,3774
2443,2,6,3776
2444,3,0,3779
2445,3,0,3782
2446,1,-1,3783
2447,1,-5,3784
2448,3,0,3787
2449,1,-1,3788
2450,1,-1,3789
2451,1,-1,3790
2452,1,-5,3791
2453,3,4,3794
2454,2,5,3796
2455,1,-1,3797
2456,1,-1,3798
2457,1,-1,3799
2458,1,-1,3800
2459,1,-1,3801
2460,1,-1,3802
2461,1,-1,3803
2462,1,-1,3804
2463,1,-5,3805
2464,2,7,3807
2465,3,5,3810
2466,1,-5,3811
2467,1,-1,3812
2468,1,-1,3813
2469,3,0,3816
2470,1,-1,3817
2471,4,5,3821
2472,1,-1,3822
2473,1,-1,3823
2474,1,-1,3824
2475,3,3,3827
2476,1,-5,3828
2477,1,-1,3829
2478,1,-1,3830
2479,1,-1,3831
2480,1,-1,3832
2481,1,-1,3833
2482,1,-1,3834
2483,1,-1,3835
2484,1,-1,3836
2485,1,-1,3837
2486,4,0,3841
2487,1,-1,3842
2488,1,-1,3843
2489,1,-1,3844
2490,1,-1,3845
2491,1,-1,3846
2492,3,5,3849
2493,1,-5,3850
2494,3,7,3853
2495,1,-1,3854
2496,1,-1,3855
2497,1,-1,3856
2498,1,-1,3857
2499,3,0,3860
2500,2,4,3862
2501,1,-5,3863
2502,3,9,3866
2503,2,5,3868
2504,3,8,3871
2505,1,-5,3872
2506,1,-1,3873
2507,3,1,3876
2508,1,-1,3877
2509,2,8,3879
2510,3,8,3882
2511,1,-1,3883
2512,1,-1,3884
2513,1,-1,3885
2514,1,-5,3886
2515,3,4,3889
2516,1,-5,3890
2517,1,-1,3891
2518,1,-1,3892
2519,1,-1,3893
2520,1,-1,3894
2521,1,-1,3895
2522,1,-1,3896
2523,1,-1,3897
2524,1,-1,3898
2525,1,-1,3899
2526,1,-1,3900
2527,1,-1,3901
2528,1,-1,3902
2529,1,-1,3903
2530,1,-1,3904
2531,3,8,3907
2532,1,-5,3908
2533,1,-5,3909
2534,1,-1,3910
2535,1,-1,3911
2536,1,-1,3912
2537,2,9,3914
2538,4,9,3918
2539,1,-5,3919
2540,3,3,3922
2541,4,3,3926
2542,1,-1,3927
2543,1,-1,3928
2544,1,-1,3929
2545,1,-5,3930
2546,3,4,3933
2547,3,5,3936
2548,1,-1,3937
2549,1,-1,3938
2550,1,-1,3939
2551,3,3,3942
2552,1,-1,3943
2553,1,-5,3944
2554,3,3,3947
2555,1,-1,3948
2556,1,-1,3949
2557,1,-5,3950
2558,3,3,3953
2559,1,-1,3954
2560,1,-1,3955
2561,1,-1,3956
2562,3,8,3959
2563,1,-5,3960
2564,2,4,3962
2565,2,0,3964
2566,1,-1,3965
2567,1,-1,3966
2568,1,-1,3967
2569,1,-1,3968
2570,1,-1,3969
2571,1,-1,3970
2572,4,9,3974
2573,3,0,3977
2574,1,-1,3978
2575,3,3,3981
2576,3,3,3984
2577,1,-1,3985
2578,1,-1,3986
2579,1,-1,3987
2580,1,-5,3988
2581,1,-5,3989
2582,4,0,3993
2583,1,-1,3994
2584,1,-1,3995
2585,4,5,3999
2586,1,-5,4000
2587,1,-1,4001
2588,1,-1,4002
2589,1,-1,4003
2590,3,7,4006
2591,1,-1,4007
2592,1,-5,4008
2593,3,9,4011
2594,3,8,4014
2595,1,-1,4015
2596,1,-1,4016
2597,3,5,4019
2598,3,7,4022
2599,1,-5,4023
2600,3,7,4026
2601,1,-1,4027
2602,1,-1,4028
2603,1,-1,4029
2604,1,-1,4030
2605,1,-5,4031
2606,3,8,4034
2607,3,3,4037
2608,1,-1,4038
2609,1,-1,4039
2610,1,-1,4040
2611,1,-1,4041
2612,1,-1,4042
2613,1,-1,4043
2614,3,3,4046
2615,3,4,4049
2616,1,-1,4050
2617,1,-1,4051
2618,3,3,4054
2619,1,-1,4055
2620,1,-1,4056
2621,3,3,4059
2622,1,-1,4060
2623,1,-1,4061
2624,3,5,4064
2625,3,0,4067
2626,1,-1,4068
2627,3,7,4071
2628,1,-1,4072
2629,1,-1,4073
2630,1,-1,4074
2631,1,-5,4075
2632,2,8,4077
2633,1,-1,4078
2634,1,-1,4079
2635,1,-5,4080
2636,4,0,4084
2637,1,-1,4085
2638,1,-1,4086
2639,3,5,4089
2640,1,-1,4090
2641,3,1,4093
2642,3,7,4096
2643,1,-1,4097
2644,1,-1,4098
2645,1,-1,4099
2646,3,7,4102
2647,3,3,4105
2648,4,3,4109
2649,3,9,4112
2650,3,5,4115
2651,1,-1,4116
2652,1,-1,4117
2653,3,5,4120
2654,1,-1,4121
2655,1,-1,4122
2656,1,-1,4123
2657,1,-1,4124
2658,4,5,4128
2659,1,-1,4129
2660,3,6,4132
2661,1,-1,4133
2662,1,-1,4134
2663,4,7,4138
2664,1,-5,4139
2665,4,8,4143
2666,1,-1,4144
2667,1,-1,4145
2668,1,-1,4146
2669,1,-1,4147
2670,1,-1,4148
2671,1,-5,4149
2672,3,1,4152
2673,1,-5,4153
2674,3,3,4156
2675,1,-1,4157
2676,1,-1,4158
2677,1,-1,4159
2678,1,-1,4160
2679,3,3,4163
2680,1,-1,4164
2681,1,-1,4165
2682,1,-1,4166
2683,1,-1,4167
2684,1,-1,4168
2685,4,7,4172
2686,1,-1,4173
2687,1,-1,4174
2688,1,-1,4175
2689,1,-1,4176
2690,1,-5,4177
2691,3,0,4180
2692,1,-1,4181
2693,1,-1,4182
2694,1,-1,4183
2695,1,-1,4184
2696,1,-1,4185
2697,1,-1,4186
2698,1,-5,4187
2699,4,8,4191
2700,1,-5,4192
2701,2,0,4194
2702,1,-1,4195
2703,1,-1,4196
2704,1,-1,4197
2705,1,-1,4198
2706,1,-1,4199
2707,1,-1,4200
2708,3,3,4203
2709,2,8,4205
2710,3,9,4208
2711,3,9,4211
2712,2,8,4213
2713,1,-5,4214
2714,1,-1,4215
2715,1,-1,4216
2716,2,0,4218
2717,1,-1,4219
2718,1,-1,4220
2719,1,-1,4221
2720,2,4,4223
2721,3,9,4226
2722,2,1,4228
2723,3,4,4231
2724,3,9,4234
2725,3,9,4237
2726,1,-1,4238
2727,4,9,4242
2728,1,-1,4243
2729,3,0,4246
2730,1,-5,4247
2731,1,-1,4248
2732,1,-1,4249
2733,1,-1,4250
2734,2,6,4252
2735,3,3,4255
2736,1,-1,4256
2737,1,-1,4257
2738,1,-1,4258
2739,1,-1,4259
2740,1,-1,4260
2741,1,-1,4261
2742,3,9,4264
2743,1,-1,4265
2744,1,-1,4266
2745,1,-1,4267
2746,1,-1,4268
2747,1,-1,4269
2748,1,-1,4270
2749,2,1,4272
2750,2,0,4274
2751,3,8,4277
2752,1,-1,4278
2753,1,-1,4279
2754,3,3,4282
2755,1,-5,4283
2756,1,-1,4284
2757,1,-1,4285
2758,3,9,4288
2759,1,-1,4289
2760,1,-5,4290
2761,3,1,4293
2762,1,-1,4294
2763,1,-1,4295
2764,1,-1,4296
2765,1,-1,4297
2766,1,-1,4298
2767,1,-1,4299
2768,1,-1,4300
2769,1,-1,4301
2770,3,6,4304
2771,1,-1,4305
2772,1,-1,4306
2773,2,3,4308
2774,1,-1,4309
2775,1,-1,4310
2776,1,-1,4311
2777,3,6,4314
2778,1,-1,4315
2779,1,-1,4316
2780,1,-1,4317
2781,1,-1,4318
2782,1,-1,4319
2783,1,-1,4320
2784,1,-1,4321
2785,1,-1,4322
2786,1,-1,4323
2787,1,-1,4324
2788,1,-1,4325
2789,1,-1,4326
2790,1,-1,4327
2791,1,-1,4328
2792,3,0,4331
2793,4,9,4335
2794,1,-1,4336
2795,3,3,4339
2796,2,5,4341
2797,3,9,4344
2798,1,-5,4345
2799,3,1,4348
2800,1,-1,4349
2801,1,-1,4350
2802,1,-1,4351
2803,3,0,4354
2804,1,-1,4355
2805,1,-1,4356
2806,3,0,4359
2807,3,5,4362
2808,3,0,4365
2809,3,4,4368
2810,1,-1,4369
2811,2,6,4371
2812,1,-1,4372
2813,1,-1,4373
2814,2,5,4375
2815,2,4,4377
2816,1,-1,4378
2817,1,-1,4379
2818,1,-1,4380
2819,1,-1,4381
2820,1,-1,4382
2821,1,-1,4383
2822,1,-1,4384
2823,1,-1,4385
2824,1,-1,4386
2825,1,-5,4387
2826,3,3,4390
2827,1,-1,4391
2828,1,-1,4392
2829,1,-1,4393
2830,1,-1,4394
2831,4,5,4398
2832,1,-1,4399
2833,1,-1,4400
2834,1,-1,4401
2835,3,1,4404
2836,1,-1,4405
2837,1,-1,4406
2838,1,-1,4407
2839,4,3,4411
2840,1,-1,4412
2841,1,-1,4413
2842,1,-1,4414
2843,1,-1,4415
2844,1,-1,4416
2845,3,7,4419
2846,1,-1,4420
2847,1,-1,4421
2848,1,-1,4422
2849,1,-1,4423
2850,3,8,4426
2851,3,1,4429
2852,3,5,4432
2853,1,-1,4433
2854,1,-1,4434
2855,1,-1,4435
2856,1,-1,4436
2857,1,-1,4437
2858,1,-1,4438
2859,1,-1,4439
2860,1,-1,4440
2861,1,-1,4441
2862,1,-1,4442
2863,1,-1,4443
2864,1,-1,4444
2865,3,3,4447
2866,1,-1,4448
2867,1,-1,4449
2868,1,-1,4450
2869,1,-1,4451
2870,1,-1,4452
2871,3,3,4455
2872,1,-1,4456
2873,1,-1,4457
2874,1,-1,4458
2875,1,-1,4459
2876,1,-1,4460
2877,1,-1,4461
2878,1,-1,4462
2879,3,0,4465
2880,1,-5,4466
2881,1,-1,4467
2882,1,-1,4468
2883,1,-1,4469
2884,3,1,4472
2885,1,-1,4473
2886,1,-1,4474
2887,1,-1,4475
2888,3,7,4478
2889,1,-1,4479
2890,3,1,4482
2891,1,-1,4483
2892,1,-1,4484
2893,3,0,4487
2894,1,-1,4488
2895,1,-1,4489
2896,1,-1,4490
2897,1,-5,4491
2898,4,8,4495
2899,1,-1,4496
2900,1,-1,4497
2901,1,-1,4498
2902,1,-1,4499
2903,1,-1,4500
2904,1,-1,4501
2905,1,-1,4502
2906,1,-1,4503
2907,1,-1,4504
2908,1,-1,4505
2909,1,-1,4506
2910,1,-1,4507
2911,1,-1,4508
2912,1,-1,4509
2913,1,-1,4510
2914,1,-1,4511
2915,1,-1,4512
2916,1,-1,4513
2917,1,-1,4514
2918,1,-1,4515
2919,1,-5,4516
2920,3,1,4519
2921,3,5,4522
2922,1,-5,4523
2923,1,-1,4524
2924,1,-1,4525
2925,3,3,4528
2926,3,3,4531
2927,1,-1,4532
2928,1,-1,4533
2929,3,5,4536
2930,1,-1,4537
2931,1,-1,4538
2932,1,-1,4539
2933,1,-1,4540
2934,1,-1,4541
2935,3,0,4544
2936,1,-5,4545
2937,1,-1,4546
2938,1,-1,4547
2939,1,-1,4548
2940,1,-1,4549
2941,1,-1,4550
2942,4,3,4554
2943,3,0,4557
2944,1,-5,4558
2945,1,-1,4559
2946,1,-1,4560
2947,3,9,4563
2948,2,9,4565
2949,3,0,4568
2950,1,-5,4569
2951,3,8,4572
2952,1,-5,4573
2953,1,-1,4574
2954,1,-1,4575
2955,1,-1,4576
2956,1,-1,4577
2957,1,-1,4578
2958,1,-1,4579
2959,1,-1,4580
2960,1,-1,4581
2961,1,-1,4582
2962,1,-1,4583
2963,1,-1,4584
2964,1,-1,4585
2965,1,-1,4586
2966,1,-1,4587
2967,1,-1,4588
2968,1,-1,4589
2969,1,-1,4590
2970,1,-1,4591
2971,1,-1,4592
2972,1,-1,4593
2973,3,8,4596
2974,1,-1,4597
2975,1,-1,4598
2976,1,-1,4599
2977,1,-1,4600
2978,1,-1,4601
2979,1,-1,4602
2980,1,-1,4603
2981,1,-1,4604
2982,1,-1,4605
2983,1,-1,4606
2984,1,-1,4607
2985,1,-1,4608
2986,1,-1,4609
2987,3,5,4612
2988,1,-1,4613
2989,1,-1,4614
2990,1,-1,4615
2991,1,-1,4616
2992,1,-1,4617
2993,1,-1,4618
2994,1,-1,4619
2995,1,-1,4620
2996,1,-1,4621
2997,3,3,4624
2998,1,-1,4625
2999,1,-1,4626
3000,1,-1,4627
3001,3,3,4630
3002,1,-1,4631
3003,1,-1,4632
3004,1,-1,4633
3005,1,-1,4634
3006,1,-1,4635
3007,3,7,4638
3008,1,-1,4639
3009,1,-1,4640
3010,1,-1,4641
3011,1,-1,4642
3012,1,-1,4643
3013,1,-1,4644
3014,1,-1,4645
3015,4,3,4649
3016,1,-1,4650
3017,1,-1,4651
3018,1,-1,4652
3019,3,0,4655
3020,1,-1,4656
3021,1,-1,4657
3022,1,-1,4658
3023,1,-1,4659
3024,1,-1,4660
3025,1,-1,4661
3026,3,5,4664
3027,1,-1,4665
3028,1,-1,4666
3029,1,-1,4667
3030,1,-1,4668
3031,1,-1,4669
3032,1,-1,4670
3033,1,-5,4671
3034,3,9,4674
3035,1,-1,4675
3036,3,9,4678
3037,1,-5,4679
3038,1,-1,4680
3039,1,-1,4681
3040,1,-1,4682
3041,1,-1,4683
3042,1,-1,4684
3043,1,-1,4685
3044,1,-1,4686
3045,1,-1,4687
3046,1,-1,4688
3047,1,-1,4689
3048,1,-1,4690
3049,1,-1,4691
3050,1,-1,4692
3051,1,-1,4693
3052,1,-1,4694
3053,3,5,4697
3054,1,-5,4698
3055,1,-5,4699
3056,1,-1,4700
3057,1,-1,4701
3058,1,-1,4702
3059,1,-1,4703
3060,1,-1,4704
3061,1,-1,4705
3062,1,-1,4706
3063,1,-1,4707
3064,1,-1,4708
3065,1,-1,4709
3066,1,-1,4710
3067,1,-1,4711
3068,1,-1,4712
3069,3,3,4715
3070,3,8,4718
3071,2,4,4720
3072,3,4,4723
3073,1,-5,4724
3074,3,9,4727
3075,1,-5,4728
3076,2,8,4730
3077,1,-1,4731
3078,1,-1,4732
3079,1,-1,4733
3080,1,-1,4734
3081,1,-1,4735
3082,1,-1,4736
3083,3,9,4739
3084,1,-1,4740
3085,1,-1,4741
3086,1,-1,4742
3087,1,-1,4743
3088,3,3,4746
3089,1,-1,4747
3090,1,-1,4748
3091,1,-1,4749
3092,1,-1,4750
3093,1,-1,4751
3094,1,-1,4752
3095,3,9,4755
3096,1,-1,4756
3097,1,-1,4757
3098,1,-1,4758
3099,1,-1,4759
3100,4,9,4763
3101,1,-1,4764
3102,1,-1,4765
3103,1,-1,4766
3104,1,-1,4767
3105,1,-5,4768
3106,3,0,4771
3107,1,-1,4772
3108,1,-1,4773
3109,1,-1,4774
3110,1,-1,4775
3111,3,0,4778
3112,1,-1,4779
3113,1,-1,4780
3114,1,-1,4781
3115,1,-1,4782
3116,3,7,4785
3117,1,-1,4786
3118,3,9,4789
3119,1,-1,4790
3120,1,-1,4791
3121,1,-1,4792
3122,1,-1,4793
3123,1,-1,4794
3124,1,-1,4795
3125,1,-1,4796
3126,1,-1,4797
3127,3,5,4800
3128,1,-5,4801
3129,1,-1,4802
3130,1,-1,4803
3131,1,-1,4804
3132,1,-1,4805
3133,1,-1,4806
3134,1,-1,4807
3135,1,-1,4808
3136,1,-1,4809
3137,1,-1,4810
3138,1,-1,4811
3139,1,-1,4812
3140,1,-1,4813
3141,1,-1,4814
3142,1,-1,4815
3143,3,0,4818
3144,1,-1,4819
3145,1,-1,4820
3146,3,5,4823
3147,1,-1,4824
3148,1,-1,4825
3149,1,-1,4826
3150,3,9,4829
3151,3,6,4832
3152,1,-1,4833
3153,1,-1,4834
3154,1,-1,4835
3155,3,1,4838
3156,1,-1,4839
3157,3,0,4842
3158,2,0,4844
3159,1,-5,4845
3160,1,-1,4846
3161,1,-1,4847
3162,1,-1,4848
3163,1,-1,4849
3164,1,-1,4850
3165,1,-5,4851
3166,3,0,4854
3167,1,-5,4855
3168,1,-1,4856
3169,1,-1,4857
3170,1,-1,4858
3171,1,-1,4859
3172,1,-1,4860
3173,1,-1,4861
3174,4,3,4865
3175,3,0,4868
3176,1,-5,4869
3177,1,-1,4870
3178,1,-1,4871
3179,1,-1,4872
3180,3,3,4875
3181,3,4,4878
3182,3,0,4881
3183,1,-5,4882
3184,1,-1,4883
3185,1,-1,4884
3186,1,-5,4885
3187,3,9,4888
3188,1,-5,4889
3189,1,-1,4890
3190,1,-5,4891
3191,3,9,4894
3192,1,-1,4895
3193,1,-1,4896
3194,1,-1,4897
3195,1,-1,4898
3196,1,-1,4899
3197,1,-1,4900
3198,3,0,4903
3199,1,-5,4904
3200,2,3,4906
3201,1,-1,4907
3202,1,-5,4908
3203,3,1,4911
3204,1,-1,4912
3205,1,-1,4913
3206,1,-1,4914
3207,3,3,4917
3208,1,-1,4918
3209,1,-1,4919
3210,3,8,4922
3211,3,9,4925
3212,2,8,4927
3213,1,-5,4928
3214,3,1,4931
3215,1,-1,4932
3216,1,-1,4933
3217,1,-1,4934
3218,1,-1,4935
3219,1,-1,4936
3220,1,-1,4937
3221,1,-1,4938
3222,1,-1,4939
3223,3,7,4942
3224,1,-1,4943
3225,1,-1,4944
3226,1,-1,4945
3227,1,-1,4946
3228,1,-1,4947
3229,1,-1,4948
3230,1,-1,4949
3231,1,-1,4950
3232,1,-1,4951
3233,1,-1,4952
3234,1,-5,4953
3235,3,9,4956
3236,1,-1,4957
3237,1,-1,4958
3238,3,8,4961
3239,1,-1,4962
3240,1,-1,4963
3241,1,-1,4964
3242,1,-1,4965
3243,1,-1,4966
3244,1,-1,4967
3245,1,-1,4968
3246,1,-1,4969
3247,1,-1,4970
3248,1,-1,4971
3249,1,-1,4972
3250,1,-1,4973
3251,1,-1,4974
3252,1,-1,4975
3253,2,3,4977
3254,1,-5,4978
3255,3,0,4981
3256,1,-1,4982
3257,1,-1,4983
3258,1,-1,4984
3259,3,9,4987
3260,3,6,4990
3261,4,1,4994
3262,1,-1,4995
3263,1,-1,4996
3264,1,-1,4997
3265,1,-1,4998
3266,1,-1,4999
3267,1,-1,5000
3268,1,-5,5001
3269,3,8,5004
3270,3,0,5007
3271,1,-5,5008
3272,3,9,5011
3273,1,-1,5012
3274,1,-1,5013
3275,1,-1,5014
3276,3,8,5017
3277,1,-1,5018
3278,1,-1,5019
3279,1,-1,5020
3280,1,-1,5021
3281,1,-1,5022
3282,1,-1,5023
3283,1,-1,5024
3284,3,3,5027
3285,1,-1,5028
3286,1,-1,5029
3287,1,-1,5030
3288,1,-1,5031
3289,1,-1,5032
3290,1,-1,5033
3291,1,-1,5034
3292,1,-1,5035
3293,1,-1,5036
3294,1,-1,5037
3295,3,3,5040
3296,1,-1,5041
3297,1,-1,5042
3298,1,-1,5043
3299,1,-1,5044
3300,3,3,5047
3301,3,5,5050
3302,1,-5,5051
3303,1,-5,5052
3304,2,7,5054
3305,1,-1,5055
3306,1,-1,5056
3307,1,-1,5057
3308,3,0,5060
3309,1,-1,5061
3310,1,-1,5062
3311,1,-1,5063
3312,1,-1,5064
3313,1,-1,5065
3314,3,9,5068
3315,2,0,5070
3316,1,-1,5071
3317,1,-1,5072
3318,1,-5,5073
3319,1,-5,5074
3320,4,9,5078
3321,4,7,5082
3322,1,-5,5083
3323,2,9,5085
3324,1,-1,5086
3325,1,-1,5087
3326,3,0,5090
3327,1,-5,5091
3328,1,-1,5092
3329,1,-1,5093
3330,1,-5,5094
3331,2,8,5096
3332,3,5,5099
3333,1,-5,5100
3334,3,8,5103
3335,1,-1,5104
3336,1,-1,5105
3337,1,-1,5106
3338,1,-1,5107
3339,4,7,5111
3340,1,-1,5112
3341,1,-1,5113
3342,1,-1,5114
3343,1,-1,5115
3344,1,-5,5116
3345,3,0,5119
3346,3,1,5122
3347,4,3,5126
3348,1,-1,5127
3349,1,-1,5128
3350,4,7,5132
3351,1,-1,5133
3352,1,-1,5134
3353,1,-1,5135
3354,1,-1,5136
3355,1,-1,5137
3356,5,3,5142
3357,1,-1,5143
3358,1,-1,5144
3359,1,-1,5145
3360,1,-1,5146
3361,1,-1,5147
3362,1,-1,5148
3363,1,-1,5149
3364,1,-5,5150
3365,3,0,5153
3366,3,0,5156
3367,1,-1,5157
3368,1,-1,5158
3369,1,-1,5159
3370,1,-1,5160
3371,3,9,5163
3372,1,-1,5164
3373,3,1,5167
3374,1,-1,5168
3375,1,-1,5169
3376,1,-1,5170
3377,1,-1,5171
3378,1,-1,5172
3379,1,-1,5173
3380,1,-1,5174
3381,3,7,5177
3382,1,-1,5178
3383,1,-1,5179
3384,1,-1,5180
3385,1,-1,5181
3386,1,-1,5182
3387,1,-1,5183
3388,1,-1,5184
3389,1,-1,5185
3390,1,-1,5186
3391,1,-1,5187
3392,1,-1,5188
3393,1,-1,5189
3394,1,-1,5190
3395,3,5,5193
3396,1,-5,5194
3397,1,-1,5195
3398,1,-1,5196
3399,1,-1,5197
3400,1,-1,5198
3401,3,3,5201
3402,1,-5,5202
3403,3,3,5205
3404,1,-1,5206
3405,2,7,5208
3406,5,5,5213
3407,1,-1,5214
3408,3,7,5217
3409,4,9,5221
3410,1,-5,5222
3411,1,-5,5223
3412,3,0,5226
3413,3,1,5229
3414,1,-5,5230
3415,3,1,5233
3416,3,9,5236
3417,1,-1,5237
3418,1,-1,5238
3419,1,-1,5239
3420,1,-1,5240
3421,1,-1,5241
3422,1,-1,5242
3423,1,-1,5243
3424,3,0,5246
3425,1,-5,5247
3426,1,-1,5248
3427,1,-1,5249
3428,1,-1,5250
3429,1,-1,5251
3430,1,-1,5252
3431,1,-1,5253
3432,1,-1,5254
3433,4,5,5258
3434,1,-5,5259
3435,1,-5,5260
3436,1,-1,5261
3437,3,0,5264
3438,1,-1,5265
3439,1,-1,5266
3440,1,-1,5267
3441,3,0,5270
3442,1,-1,5271
3443,1,-1,5272
3444,1,-1,5273
3445,1,-1,5274
3446,1,-1,5275
3447,3,3,5278
3448,3,9,5281
3449,1,-5,5282
3450,2,1,5284
3451,3,9,5287
3452,3,1,5290
3453,1,-1,5291
3454,1,-1,5292
3455,5,7,5297
3456,1,-1,5298
3457,1,-1,5299
3458,1,-1,5300
3459,1,-1,5301
3460,2,0,5303
3461,1,-1,5304
3462,2,4,5306
3463,2,0,5308
3464,2,9,5310
3465,2,7,5312
3466,1,-5,5313
3467,1,-1,5314
3468,1,-1,5315
3469,3,5,5318
3470,2,4,5320
3471,2,9,5322
3472,1,-1,5323
3473,1,-1,5324
3474,1,-1,5325
3475,1,-1,5326
3476,4,7,5330
3477,1,-1,5331
3478,1,-1,5332
3479,3,7,5335
3480,1,-1,5336
3481,1,-1,5337
3482,1,-1,5338
3483,1,-1,5339
3484,1,-1,5340
3485,1,-1,5341
3486,1,-1,5342
3487,1,-1,5343
3488,1,-1,5344
3489,3,5,5347
3490,2,3,5349
3491,2,0,5351
3492,1,-1,5352
3493,1,-1,5353
3494,1,-1,5354
3495,1,-1,5355
3496,1,-1,5356
3497,1,-1,5357
3498,1,-1,5358
3499,1,-1,5359
3500,1,-1,5360
3501,3,8,5363
3502,1,-1,5364
3503,3,7,5367
3504,3,5,5370
3505,2,4,5372
3506,1,-1,5373
3507,1,-1,5374
3508,3,0,5377
3509,1,-1,5378
3510,1,-1,5379
3511,1,-1,5380
3512,4,7,5384
3513,3,9,5387
3514,3,0,5390
3515,1,-5,5391
3516,1,-5,5392
3517,1,-1,5393
3518,1,-1,5394
3519,1,-1,5395
3520,1,-1,5396
3521,1,-1,5397
3522,3,9,5400
3523,1,-5,5401
3524,1,-5,5402
3525,1,-1,5403
3526,1,-1,5404
3527,1,-1,5405
3528,3,3,5408
3529,1,-5,5409
3530,1,-1,5410
3531,1,-1,5411
3532,1,-1,5412
3533,1,-1,5413
3534,1,-1,5414
3535,1,-1,5415
3536,1,-1,5416
3537,1,-1,5417
3538,1,-1,5418
3539,1,-1,5419
3540,1,-1,5420
3541,1,-1,5421
3542,1,-1,5422
3543,1,-1,5423
3544,3,9,5426
3545,1,-1,5427
3546,1,-1,5428
3547,1,-1,5429
3548,1,-1,5430
3549,3,7,5433
3550,1,-5,5434
3551,2,4,5436
3552,1,-1,5437
3553,1,-1,5438
3554,1,-1,5439
3555,1,-1,5440
3556,1,-1,5441
3557,2,8,5443
3558,1,-1,5444
3559,1,-1,5445
3560,4,7,5449
3561,1,-1,5450
3562,1,-1,5451
3563,1,-1,5452
3564,2,0,5454
3565,3,3,5457
3566,1,-1,5458
3567,1,-5,5459
3568,3,8,5462
3569,1,-1,5463
3570,3,8,5466
3571,1,-5,5467
3572,2,4,5469
3573,1,-1,5470
3574,1,-1,5471
3575,1,-1,5472
3576,1,-1,5473
3577,1,-1,5474
3578,1,-1,5475
3579,1,-1,5476
3580,1,-1,5477
3581,1,-1,5478
3582,3,9,5481
3583,3,7,5484
3584,1,-1,5485
3585,1,-1,5486
3586,1,-1,5487
3587,1,-1,5488
3588,1,-1,5489
3589,1,-1,5490
3590,1,-1,5491
3591,1,-1,5492
3592,1,-1,5493
3593,4,1,5497
3594,1,-1,5498
3595,1,-1,5499
3596,1,-1,5500
3597,2,7,5502
3598,1,-1,5503
3599,1,-1,5504
3600,1,-1,5505
3601,1,-1,5506
3602,1,-1,5507
3603,1,-1,5508
3604,1,-1,5509
3605,3,5,5512
3606,1,-5,5513
3607,4,9,5517
3608,1,-1,5518
3609,1,-1,5519
3610,1,-1,5520
3611,1,-1,5521
3612,3,3,5524
3613,3,7,5527
3614,1,-1,5528
3615,1,-1,5529
3616,1,-1,5530
3617,1,-5,5531
3618,3,4,5534
3619,1,-5,5535
3620,1,-1,5536
3621,1,-1,5537
3622,4,1,5541
3623,3,9,5544
3624,1,-5,5545
3625,3,8,5548
3626,1,-1,5549
3627,1,-1,5550
3628,2,5,5552
3629,3,5,5555
3630,1,-1,5556
3631,1,-1,5557
3632,1,-5,5558
3633,3,5,5561
3634,1,-1,5562
3635,1,-1,5563
3636,1,-1,5564
3637,1,-1,5565
3638,1,-1,5566
3639,3,4,5569
3640,3,0,5572
3641,3,7,5575
3642,1,-1,5576
3643,2,3,5578
3644,1,-1,5579
3645,1,-1,5580
3646,1,-1,5581
3647,1,-1,5582
3648,1,-1,5583
3649,1,-1,5584
3650,3,1,5587
3651,4,3,5591
3652,1,-1,5592
3653,3,3,5595
3654,1,-1,5596
3655,1,-1,5597
3656,1,-1,5598
3657,1,-1,5599
3658,1,-1,5600
3659,1,-1,5601
3660,1,-1,5602
3661,4,9,5606
3662,1,-1,5607
3663,1,-1,5608
3664,1,-1,5609
3665,1,-1,5610
3666,1,-1,5611
3667,1,-1,5612
3668,1,-1,5613
3669,1,-1,5614
3670,1,-1,5615
3671,1,-1,5616
3672,1,-1,5617
3673,1,-1,5618
3674,1,-1,5619
3675,1,-1,5620
3676,3,8,5623
3677,1,-5,5624
3678,3,5,5627
3679,1,-1,5628
3680,1,-1,5629
3681,1,-1,5630
3682,3,0,5633
3683,1,-1,5634
3684,1,-1,5635
3685,1,-1,5636
3686,1,-1,5637
3687,1,-1,5638
3688,1,-1,5639
3689,1,-1,5640
3690,1,-1,5641
3691,3,9,5644
3692,3,5,5647
3693,3,7,5650
3694,3,7,5653
3695,1,-1,5654
3696,1,-1,5655
3697,1,-1,5656
3698,1,-1,5657
3699,1,-1,5658
3700,3,5,5661
3701,1,-1,5662
3702,1,-5,5663
3703,2,4,5665
3704,2,8,5667
3705,1,-5,5668
3706,1,-1,5669
3707,1,-1,5670
3708,1,-1,5671
3709,1,-1,5672
3710,1,-1,5673
3711,3,3,5676
3712,2,3,5678
3713,2,5,5680
3714,3,7,5683
3715,3,1,5686
3716,1,-1,5687
3717,1,-1,5688
3718,1,-1,5689
3719,1,-1,5690
3720,1,-1,5691
3721,1,-1,5692
3722,1,-1,5693
3723,1,-1,5694
3724,1,-1,5695
3725,1,-1,5696
3726,1,-1,5697
3727,2,9,5699
3728,1,-5,5700
3729,1,-1,5701
3730,1,-1,5702
3731,1,-1,5703
3732,6,3,5709
3733,1,-1,5710
3734,1,-1,5711
3735,1,-1,5712
3736,4,5,5716
3737,1,-1,5717
3738,1,-1,5718
3739,1,-1,5719
3740,1,-1,5720
3741,3,0,5723
3742,1,-1,5724
3743,1,-1,5725
3744,1,-1,5726
3745,1,-1,5727
3746,1,-1,5728
3747,1,-1,5729
3748,1,-1,5730
3749,1,-1,5731
3750,1,-1,5732
3751,4,5,5736
3752,1,-5,5737
3753,1,-1,5738
3754,1,-1,5739
3755,3,5,5742
3756,1,-1,5743
3757,1,-1,5744
3758,3,9,5747
3759,3,0,5750
3760,1,-1,5751
3761,1,-1,5752
3762,1,-1,5753
3763,1,-1,5754
3764,1,-1,5755
3765,3,7,5758
3766,1,-1,5759
3767,1,-1,5760
3768,1,-1,5761
3769,1,-1,5762
3770,1,-1,5763
3771,3,3,5766
3772,1,-1,5767
3773,1,-1,5768
3774,1,-5,5769
3775,3,4,5772
3776,1,-5,5773
3777,2,0,5775
3778,1,-5,5776
3779,3,5,5779
3780,2,0,5781
3781,3,7,5784
3782,1,-5,5785
3783,3,8,5788
3784,1,-1,5789
3785,1,-1,5790
3786,5,6,5795
3787,1,-1,5796
3788,1,-1,5797
3789,1,-1,5798
3790,1,-1,5799
3791,1,-1,5800
3792,1,-1,5801
3793,1,-1,5802
3794,1,-1,5803
3795,1,-1,5804
3796,1,-1,5805
3797,1,-1,5806
3798,1,-1,5807
3799,3,5,5810
3800,1,-5,5811
3801,3,9,5814
3802,1,-5,5815
3803,1,-5,5816
3804,3,0,5819
3805,1,-1,5820
3806,3,9,5823
3807,1,-5,5824
3808,3,9,5827
3809,4,5,5831
3810,4,1,5835
3811,1,-1,5836
3812,1,-1,5837
3813,3,7,5840
3814,1,-1,5841
3815,1,-1,5842
3816,1,-1,5843
3817,1,-1,5844
3818,1,-1,5845
3819,3,6,5848
3820,4,5,5852
3821,1,-1,5853
3822,1,-1,5854
3823,1,-1,5855
3824,3,6,5858
3825,1,-1,5859
3826,1,-1,5860
3827,1,-1,5861
3828,1,-1,5862
3829,1,-1,5863
3830,1,-1,5864
3831,3,3,5867
3832,1,-5,5868
3833,1,-1,5869
3834,1,-1,5870
3835,1,-1,5871
3836,1,-1,5872
3837,1,-1,5873
3838,1,-1,5874
3839,1,-1,5875
3840,1,-1,5876
3841,3,0,5879
3842,1,-1,5880
3843,5,3,5885
3844,1,-5,5886
3845,3,0,5889
3846,1,-1,5890
3847,1,-1,5891
3848,4,5,5895
3849,3,5,5898
3850,1,-1,5899
3851,4,9,5903
3852,4,4,5907
3853,3,8,5910
3854,1,-1,5911
3855,1,-1,5912
3856,1,-1,5913
3857,1,-1,5914
3858,1,-1,5915
3859,3,1,5918
3860,1,-1,5919
3861,3,8,5922
3862,3,7,5925
3863,5,7,5930
3864,2,5,5932
3865,1,-1,5933
3866,4,1,5937
3867,3,7,5940
3868,3,7,5943
3869,1,-1,5944
3870,1,-1,5945
3871,1,-1,5946
3872,1,-1,5947
3873,1,-1,5948
3874,1,-1,5949
3875,1,-1,5950
3876,3,5,5953
3877,1,-1,5954
3878,3,7,5957
3879,3,3,5960
3880,1,-1,5961
3881,1,-1,5962
3882,1,-1,5963
3883,1,-1,5964
3884,1,-1,5965
3885,1,-1,5966
3886,3,0,5969
3887,1,-1,5970
3888,1,-1,5971
3889,1,-1,5972
3890,1,-1,5973
3891,1,-1,5974
3892,1,-1,5975
3893,1,-1,5976
3894,3,3,5979
3895,3,8,5982
3896,1,-1,5983
3897,1,-5,5984
3898,3,5,5987
3899,1,-1,5988
3900,1,-1,5989
3901,1,-1,5990
3902,1,-1,5991
3903,1,-1,5992
3904,1,-1,5993
3905,5,3,5998
3906,3,4,6001
3907,1,-1,6002
3908,1,-1,6003
3909,1,-1,6004
3910,1,-1,6005
3911,1,-1,6006
3912,1,-1,6007
3913,1,-1,6008
3914,1,-1,6009
3915,4,5,6013
3916,1,-1,6014
3917,2,3,6016
3918,3,0,6019
3919,1,-1,6020
3920,1,-1,6021
3921,2,8,6023
3922,1,-5,6024
3923,1,-1,6025
3924,1,-5,6026
3925,2,9,6028
3926,3,5,6031
3927,1,-1,6032
3928,1,-1,6033
3929,1,-1,6034
3930,3,9,6037
3931,1,-5,6038
3932,1,-1,6039
3933,1,-1,6040
3934,1,-1,6041
3935,1,-1,6042
3936,1,-1,6043
3937,3,0,6046
3938,1,-1,6047
3939,1,-1,6048
3940,1,-1,6049
3941,1,-1,6050
3942,1,-1,6051
3943,1,-1,6052
3944,1,-1,6053
3945,1,-1,6054
3946,1,-1,6055
3947,1,-1,6056
3948,1,-1,6057
3949,1,-1,6058
3950,1,-1,6059
3951,1,-1,6060
3952,1,-1,6061
3953,1,-1,6062
3954,1,-5,6063
3955,5,8,6068
3956,2,0,6070
3957,2,4,6072
3958,3,0,6075
3959,1,-1,6076
3960,1,-1,6077
3961,1,-1,6078
3962,1,-1,6079
3963,1,-1,6080
3964,1,-1,6081
3965,3,5,6084
3966,2,3,6086
3967,1,-1,6087
3968,1,-1,6088
3969,1,-1,6089
3970,1,-1,6090
3971,3,8,6093
3972,1,-5,6094
3973,3,3,6097
3974,1,-5,6098
3975,3,9,6101
3976,4,7,6105
3977,4,3,6109
3978,1,-1,6110
3979,4,7,6114
3980,1,-1,6115
3981,1,-1,6116
3982,1,-1,6117
3983,1,-1,6118
3984,1,-1,6119
3985,1,-1,6120
3986,1,-1,6121
3987,1,-1,6122
3988,1,-1,6123
3989,1,-1,6124
3990,3,3,6127
3991,1,-1,6128
3992,1,-1,6129
3993,1,-1,6130
3994,1,-1,6131
3995,1,-1,6132
3996,3,7,6135
3997,1,-5,6136
3998,4,9,6140
3999,1,-1,6141
4000,3,8,6144
4001,1,-5,6145
4002,1,-1,6146
4003,3,5,6149
4004,1,-1,6150
4005,1,-1,6151
4006,2,9,6153
4007,1,-1,6154
4008,3,0,6157
4009,1,-5,6158
4010,1,-1,6159
4011,1,-1,6160
4012,1,-1,6161
4013,1,-1,6162
4014,3,8,6165
4015,1,-5,6166
4016,5,6,6171
4017,2,9,6173
4018,1,-5,6174
4019,2,0,6176
4020,2,1,6178
4021,4,3,6182
4022,1,-1,6183
4023,1,-1,6184
4024,1,-1,6185
4025,1,-1,6186
4026,1,-1,6187
4027,1,-1,6188
4028,1,-1,6189
4029,1,-1,6190
4030,1,-1,6191
4031,4,9,6195
4032,1,-1,6196
4033,3,5,6199
4034,3,3,6202
4035,3,6,6205
4036,1,-1,6206
4037,1,-1,6207
4038,1,-1,6208
4039,1,-1,6209
4040,1,-1,6210
4041,4,8,6214
4042,1,-1,6215
4043,1,-1,6216
4044,1,-1,6217
4045,3,3,6220
4046,2,4,6222
4047,4,3,6226
4048,3,4,6229
4049,1,-5,6230
4050,1,-5,6231
4051,1,-1,6232
4052,2,2,6234
4053,3,9,6237
4054,1,-1,6238
4055,3,7,6241
4056,1,-1,6242
4057,1,-1,6243
4058,5,5,6248
4059,1,-1,6249
4060,1,-1,6250
4061,3,1,6253
4062,1,-5,6254
4063,2,4,6256
4064,4,3,6260
4065,1,-5,6261
4066,1,-1,6262
4067,1,-5,6263
4068,3,5,6266
4069,2,8,6268
4070,1,-5,6269
4071,3,8,6272
4072,1,-1,6273
4073,1,-1,6274
4074,1,-5,6275
4075,3,9,6278
4076,1,-1,6279
4077,1,-1,6280
4078,1,-1,6281
4079,1,-1,6282
4080,4,5,6286
4081,1,-1,6287
4082,1,-1,6288
4083,1,-1,6289
4084,1,-1,6290
4085,1,-1,6291
4086,1,-1,6292
4087,1,-1,6293
4088,2,1,6295
4089,4,7,6299
4090,1,-1,6300
4091,1,-1,6301
4092,1,-1,6302
4093,1,-1,6303
4094,1,-1,6304
4095,1,-1,6305
4096,1,-1,6306
4097,1,-1,6307
4098,1,-1,6308
4099,1,-1,6309
4100,1,-1,6310
4101,1,-1,6311
4102,1,-1,6312
4103,1,-1,6313
4104,1,-1,6314
4105,1,-1,6315
4106,1,-1,6316
4107,1,-1,6317
4108,1,-1,6318
4109,1,-1,6319
4110,1,-1,6320
4111,1,-1,6321
4112,1,-1,6322
4113,1,-1,6323
4114,2,4,6325
4115,2,4,6327
4116,1,-1,6328
4117,3,7,6331
4118,1,-1,6332
4119,1,-1,6333
4120,3,9,6336
4121,1,-1,6337
4122,1,-1,6338
4123,1,-1,6339
4124,1,-1,6340
4125,1,-1,6341
4126,3,7,6344
4127,1,-1,6345
4128,1,-1,6346
4129,1,-1,6347
4130,1,-1,6348
4131,1,-1,6349
4132,2,8,6351
4133,3,4,6354
4134,1,-1,6355
4135,1,-1,6356
4136,1,-1,6357
4137,1,-5,6358
4138,3,3,6361
4139,1,-1,6362
4140,1,-1,6363
4141,1,-5,6364
4142,2,0,6366
4143,3,0,6369
4144,1,-5,6370
4145,1,-1,6371
4146,1,-1,6372
4147,1,-1,6373
4148,1,-1,6374
4149,3,8,6377
4150,1,-1,6378
4151,1,-1,6379
4152,1,-1,6380
4153,1,-1,6381
4154,1,-1,6382
4155,1,-1,6383
4156,1,-1,6384
4157,1,-1,6385
4158,1,-1,6386
4159,1,-1,6387
4160,1,-1,6388
4161,1,-1,6389
4162,1,-1,6390
4163,1,-1,6391
4164,3,5,6394
4165,1,-1,6395
4166,1,-1,6396
4167,1,-1,6397
4168,1,-1,6398
4169,1,-1,6399
4170,1,-1,6400
4171,1,-1,6401
4172,1,-1,6402
4173,1,-1,6403
4174,1,-1,6404
4175,1,-1,6405
4176,1,-1,6406
4177,1,-1,6407
4178,2,1,6409
4179,1,-1,6410
4180,3,3,6413
4181,1,-1,6414
4182,1,-1,6415
4183,1,-1,6416
4184,1,-1,6417
4185,1,-1,6418
4186,1,-1,6419
4187,1,-1,6420
4188,4,9,6424
4189,1,-1,6425
4190,1,-1,6426
4191,1,-1,6427
4192,1,-1,6428
4193,1,-1,6429
4194,2,5,6431
4195,1,-1,6432
4196,1,-1,6433
4197,1,-1,6434
4198,3,1,6437
4199,1,-1,6438
4200,1,-1,6439
4201,1,-1,6440
4202,1,-1,6441
4203,1,-1,6442
4204,1,-1,6443
4205,4,1,6447
4206,4,3,6451
4207,2,8,6453
4208,1,-5,6454
4209,3,2,6457
4210,1,-1,6458
4211,1,-1,6459
4212,1,-1,6460
4213,1,-1,6461
4214,1,-1,6462
4215,1,-1,6463
4216,4,3,6467
4217,1,-1,6468
4218,1,-1,6469
4219,1,-1,6470
4220,1,-1,6471
4221,1,-1,6472
4222,1,-1,6473
4223,1,-1,6474
4224,1,-1,6475
4225,1,-1,6476
4226,3,8,6479
4227,5,3,6484
4228,1,-1,6485
4229,1,-1,6486
4230,1,-1,6487
4231,1,-1,6488
4232,1,-1,6489
4233,1,-1,6490
4234,4,5,6494
4235,1,-1,6495
4236,1,-1,6496
4237,1,-1,6497
4238,2,4,6499
4239,3,9,6502
4240,1,-1,6503
4241,1,-1,6504
4242,1,-1,6505
4243,1,-1,6506
4244,1,-5,6507
4245,3,0,6510
4246,2,3,6512
4247,1,-1,6513
4248,1,-1,6514
4249,3,3,6517
4250,1,-5,6518
4251,3,0,6521
4252,1,-1,6522
4253,1,-1,6523
4254,1,-1,6524
4255,1,-1,6525
4256,1,-1,6526
4257,1,-1,6527
4258,1,-1,6528
4259,1,-1,6529
4260,1,-1,6530
4261,3,0,6533
4262,1,-1,6534
4263,1,-1,6535
4264,1,-1,6536
4265,1,-1,6537
4266,1,-1,6538
4267,1,-1,6539
4268,1,-1,6540
4269,1,-1,6541
4270,1,-1,6542
4271,3,5,6545
4272,1,-5,6546
4273,3,3,6549
4274,1,-1,6550
4275,1,-1,6551
4276,3,8,6554
4277,1,-1,6555
4278,1,-1,6556
4279,1,-1,6557
4280,3,5,6560
4281,1,-1,6561
4282,4,5,6565
4283,1,-1,6566
4284,1,-1,6567
4285,1,-1,6568
4286,1,-1,6569
4287,4,8,6573
4288,1,-1,6574
4289,1,-1,6575
4290,1,-1,6576
4291,1,-1,6577
4292,1,-1,6578
4293,3,8,6581
4294,1,-5,6582
4295,1,-1,6583
4296,1,-1,6584
4297,3,0,6587
4298,1,-1,6588
4299,1,-1,6589
4300,1,-1,6590
4301,2,3,6592
4302,2,8,6594
4303,1,-1,6595
4304,1,-1,6596
4305,1,-1,6597
4306,3,5,6600
4307,1,-1,6601
4308,1,-1,6602
4309,4,1,6606
4310,3,5,6609
4311,1,-1,6610
4312,1,-1,6611
4313,3,0,6614
4314,1,-1,6615
4315,1,-1,6616
4316,1,-1,6617
4317,1,-1,6618
4318,1,-1,6619
4319,1,-1,6620
4320,3,9,6623
4321,1,-5,6624
4322,3,8,6627
4323,2,5,6629
4324,1,-1,6630
4325,2,9,6632
4326,3,8,6635
4327,1,-1,6636
4328,1,-1,6637
4329,1,-1,6638
4330,1,-1,6639
4331,1,-1,6640
4332,1,-1,6641
4333,1,-1,6642
4334,1,-1,6643
4335,1,-1,6644
4336,1,-1,6645
4337,1,-1,6646
4338,3,0,6649
4339,1,-1,6650
4340,1,-1,6651
4341,3,0,6654
4342,1,-5,6655
4343,1,-1,6656
4344,1,-1,6657
4345,1,-1,6658
4346,1,-1,6659
4347,3,7,6662
4348,1,-1,6663
4349,1,-1,6664
4350,1,-1,6665
4351,1,-1,6666
4352,1,-1,6667
4353,1,-1,6668
4354,2,9,6670
4355,1,-5,6671
4356,1,-1,6672
4357,2,0,6674
4358,2,8,6676
4359,3,9,6679
4360,2,0,6681
4361,1,-5,6682
4362,1,-5,6683
4363,1,-1,6684
4364,1,-1,6685
4365,3,8,6688
4366,1,-5,6689
4367,1,-5,6690
4368,1,-1,6691
4369,1,-1,6692
4370,1,-1,6693
4371,1,-1,6694
4372,1,-1,6695
4373,1,-1,6696
4374,1,-1,6697
4375,1,-1,6698
4376,1,-1,6699
4377,3,7,6702
4378,3,4,6705
4379,1,-1,6706
4380,3,8,6709
4381,1,-5,6710
4382,1,-1,6711
4383,1,-1,6712
4384,1,-5,6713
4385,3,7,6716
4386,1,-5,6717
4387,1,-1,6718
4388,1,-1,6719
4389,1,-1,6720
4390,1,-1,6721
4391,3,0,6724
4392,4,3,6728
4393,1,-5,6729
4394,1,-1,6730
4395,1,-1,6731
4396,3,7,6734
4397,1,-1,6735
4398,1,-1,6736
4399,4,1,6740
4400,1,-1,6741
4401,1,-1,6742
4402,1,-1,6743
4403,1,-1,6744
4404,1,-1,6745
4405,1,-1,6746
4406,1,-1,6747
4407,1,-1,6748
4408,1,-1,6749
4409,1,-1,6750
4410,1,-1,6751
4411,1,-1,6752
4412,2,4,6754
4413,1,-5,6755
4414,3,1,6758
4415,1,-1,6759
4416,1,-1,6760
4417,1,-1,6761
4418,1,-1,6762
4419,3,5,6765
4420,1,-1,6766
4421,1,-1,6767
4422,3,0,6770
4423,4,4,6774
4424,1,-1,6775
4425,1,-1,6776
4426,2,5,6778
4427,1,-1,6779
4428,3,5,6782
4429,4,7,6786
4430,4,9,6790
4431,1,-1,6791
4432,1,-1,6792
4433,1,-1,6793
4434,1,-1,6794
4435,1,-1,6795
4436,1,-1,6796
4437,1,-1,6797
4438,1,-1,6798
4439,1,-1,6799
4440,4,0,6803
4441,1,-5,6804
4442,1,-1,6805
4443,3,8,6808
4444,2,4,6810
4445,1,-1,6811
4446,3,5,6814
4447,1,-1,6815
4448,2,7,6817
4449,3,0,6820
4450,1,-1,6821
4451,1,-1,6822
4452,1,-1,6823
4453,2,5,6825
4454,4,9,6829
4455,1,-5,6830
4456,2,0,6832
4457,1,-5,6833
4458,3,9,6836
4459,1,-5,6837
4460,2,8,6839
4461,3,1,6842
4462,1,-1,6843
4463,1,-1,6844
4464,1,-1,6845
4465,1,-1,6846
4466,1,-1,6847
4467,1,-1,6848
4468,2,3,6850
4469,3,8,6853
4470,1,-1,6854
4471,1,-1,6855
4472,1,-1,6856
4473,1,-1,6857
4474,3,7,6860
4475,3,3,6863
4476,1,-1,6864
4477,1,-1,6865
4478,1,-1,6866
4479,3,7,6869
4480,1,-1,6870
4481,1,-1,6871
4482,3,0,6874
4483,2,2,6876
4484,3,8,6879
4485,1,-1,6880
4486,3,3,6883
4487,3,8,6886
4488,1,-1,6887
4489,1,-1,6888
4490,1,-1,6889
4491,2,4,6891
4492,3,1,6894
4493,3,5,6897
4494,3,8,6900
4495,1,-5,6901
4496,1,-5,6902
4497,1,-1,6903
4498,1,-1,6904
4499,1,-1,6905
4500,3,0,6908
4501,1,-1,6909
4502,1,-1,6910
4503,4,9,6914
4504,2,0,6916
4505,1,-1,6917
4506,1,-1,6918
4507,1,-1,6919
4508,1,-1,6920
4509,1,-1,6921
4510,1,-1,6922
4511,1,-1,6923
4512,1,-1,6924
4513,2,6,6926
4514,2,9,6928
4515,3,9,6931
4516,1,-1,6932
4517,3,3,6935
4518,3,5,6938
4519,1,-5,6939
4520,3,7,6942
4521,3,0,6945
4522,1,-1,6946
4523,1,-1,6947
4524,1,-1,6948
4525,1,-1,6949
4526,1,-1,6950
4527,3,5,6953
4528,1,-1,6954
4529,3,3,6957
4530,3,9,6960
4531,1,-1,6961
4532,1,-1,6962
4533,1,-1,6963
4534,3,0,6966
4535,1,-1,6967
4536,3,5,6970
4537,2,8,6972
4538,1,-5,6973
4539,1,-5,6974
4540,3,5,6977
4541,2,9,6979
4542,2,0,6981
4543,2,8,6983
4544,1,-1,6984
4545,1,-5,6985
4546,3,5,6988
4547,1,-5,6989
4548,4,4,6993
4549,1,-1,6994
4550,1,-1,6995
4551,1,-1,6996
4552,1,-1,6997
4553,1,-1,6998
4554,1,-1,6999
4555,1,-1,7000
4556,1,-1,7001
4557,1,-1,7002
4558,1,-1,7003
4559,1,-1,7004
4560,1,-1,7005
4561,5,6,7010
4562,1,-1,7011
4563,3,0,7014
4564,2,8,7016
4565,1,-1,7017
4566,1,-1,7018
4567,1,-1,7019
4568,1,-1,7020
4569,3,0,7023
4570,1,-1,7024
4571,1,-1,7025
4572,1,-1,7026
4573,1,-1,7027
4574,1,-1,7028
4575,1,-1,7029
4576,1,-1,7030
4577,1,-1,7031
4578,1,-1,7032
4579,1,-1,7033
4580,4,5,7037
4581,1,-1,7038
4582,1,-1,7039
4583,1,-1,7040
4584,1,-1,7041
4585,1,-5,7042
4586,2,7,7044
4587,1,-5,7045
4588,3,0,7048
4589,1,-1,7049
4590,1,-1,7050
4591,1,-1,7051
4592,1,-1,7052
4593,1,-1,7053
4594,3,9,7056
4595,3,0,7059
4596,3,3,7062
4597,1,-1,7063
4598,4,7,7067
4599,3,7,7070
4600,1,-1,7071
4601,3,0,7074
4602,3,5,7077
4603,1,-5,7078
4604,1,-1,7079
4605,1,-1,7080
4606,1,-1,7081
4607,2,4,7083
4608,6,3,7089
4609,1,-1,7090
4610,1,-1,7091
4611,1,-1,7092
4612,1,-1,7093
4613,3,6,7096
4614,1,-5,7097
4615,3,0,7100
4616,3,7,7103
4617,3,4,7106
4618,1,-5,7107
4619,3,7,7110
4620,1,-1,7111
4621,1,-1,7112
4622,1,-1,7113
4623,1,-1,7114
4624,1,-1,7115
4625,1,-1,7116
4626,1,-5,7117
4627,1,-5,7118
4628,3,9,7121
4629,1,-1,7122
4630,4,1,7126
4631,4,3,7130
4632,3,0,7133
4633,1,-5,7134
4634,1,-1,7135
4635,1,-1,7136
4636,1,-1,7137
4637,4,3,7141
4638,1,-1,7142
4639,1,-1,7143
4640,1,-1,7144
4641,1,-1,7145
4642,1,-1,7146
4643,1,-1,7147
4644,3,8,7150
4645,2,8,7152
4646,1,-1,7153
4647,1,-1,7154
4648,3,3,7157
4649,3,5,7160
4650,1,-1,7161
4651,1,-1,7162
4652,1,-1,7163
4653,1,-1,7164
4654,1,-1,7165
4655,1,-1,7166
4656,1,-1,7167
4657,3,5,7170
4658,1,-1,7171
4659,3,8,7174
4660,3,0,7177
4661,1,-1,7178
4662,3,1,7181
4663,3,9,7184
4664,1,-5,7185
4665,1,-1,7186
4666,1,-1,7187
4667,1,-5,7188
4668,3,5,7191
4669,1,-1,7192
4670,1,-1,7193
4671,1,-1,7194
4672,3,4,7197
4673,2,8,7199
4674,1,-1,7200
4675,1,-1,7201
4676,1,-1,7202
4677,1,-5,7203
4678,4,8,7207
4679,1,-1,7208
4680,3,3,7211
4681,4,9,7215
4682,3,1,7218
4683,2,4,7220
4684,3,7,7223
4685,1,-1,7224
4686,1,-1,7225
4687,1,-1,7226
4688,2,4,7228
4689,3,8,7231
4690,2,0,7233
4691,1,-5,7234
4692,1,-1,7235
4693,1,-1,7236
4694,1,-1,7237
4695,1,-1,7238
4696,2,8,7240
4697,3,5,7243
4698,1,-1,7244
4699,1,-1,7245
4700,1,-1,7246
4701,1,-1,7247
4702,1,-1,7248
4703,1,-1,7249
4704,1,-1,7250
4705,1,-1,7251
4706,3,3,7254
4707,3,8,7257
4708,2,3,7259
4709,5,6,7264
4710,1,-1,7265
4711,1,-1,7266
4712,1,-1,7267
4713,3,3,7270
4714,1,-5,7271
4715,3,0,7274
4716,1,-1,7275
4717,3,0,7278
4718,1,-1,7279
4719,4,3,7283
4720,1,-1,7284
4721,1,-1,7285
4722,1,-1,7286
4723,1,-1,7287
4724,4,7,7291
4725,3,9,7294
4726,1,-5,7295
4727,2,0,7297
4728,2,0,7299
4729,1,-1,7300
4730,1,-1,7301
4731,3,0,7304
4732,3,2,7307
4733,2,9,7309
4734,2,0,7311
4735,3,9,7314
4736,2,2,7316
4737,3,3,7319
4738,2,8,7321
4739,3,5,7324
4740,1,-1,7325
4741,1,-1,7326
4742,3,9,7329
4743,3,8,7332
4744,1,-1,7333
4745,1,-1,7334
4746,3,1,7337
4747,1,-1,7338
4748,1,-1,7339
4749,1,-1,7340
4750,1,-1,7341
4751,1,-1,7342
4752,1,-1,7343
4753,1,-1,7344
4754,1,-1,7345
4755,1,-1,7346
4756,1,-1,7347
4757,3,6,7350
4758,1,-1,7351
4759,1,-5,7352
4760,5,7,7357
4761,3,5,7360
4762,5,3,7365
4763,3,5,7368
4764,3,1,7371
4765,1,-1,7372
4766,1,-1,7373
4767,1,-1,7374
4768,1,-1,7375
4769,1,-1,7376
4770,1,-1,7377
4771,1,-1,7378
4772,1,-1,7379
4773,1,-1,7380
4774,3,9,7383
4775,1,-1,7384
4776,1,-1,7385
4777,1,-1,7386
4778,1,-1,7387
4779,4,3,7391
4780,1,-5,7392
4781,3,0,7395
4782,3,1,7398
4783,1,-1,7399
4784,1,-1,7400
4785,1,-1,7401
4786,1,-1,7402
4787,1,-5,7403
4788,3,3,7406
4789,3,5,7409
4790,3,1,7412
4791,1,-1,7413
4792,1,-1,7414
4793,1,-1,7415
4794,1,-1,7416
4795,1,-1,7417
4796,1,-1,7418
4797,1,-1,7419
4798,4,6,7423
4799,1,-1,7424
4800,1,-1,7425
4801,3,0,7428
4802,3,0,7431
4803,1,-5,7432
4804,3,9,7435
4805,1,-1,7436
4806,1,-1,7437
4807,1,-1,7438
4808,1,-1,7439
4809,1,-1,7440
4810,1,-1,7441
4811,1,-5,7442
4812,4,9,7446
4813,1,-5,7447
4814,3,9,7450
4815,1,-1,7451
4816,1,-1,7452
4817,1,-1,7453
4818,1,-5,7454
4819,1,-5,7455
4820,3,0,7458
4821,1,-1,7459
4822,1,-1,7460
4823,1,-1,7461
4824,1,-1,7462
4825,1,-1,7463
4826,1,-1,7464
4827,1,-1,7465
4828,1,-1,7466
4829,1,-1,7467
4830,3,5,7470
4831,3,1,7473
4832,1,-1,7474
4833,1,-1,7475
4834,1,-1,7476
4835,3,1,7479
4836,3,1,7482
4837,3,3,7485
4838,3,8,7488
4839,1,-5,7489
4840,3,5,7492
4841,1,-5,7493
4842,1,-1,7494
4843,3,7,7497
4844,1,-1,7498
4845,3,5,7501
4846,1,-5,7502
4847,3,8,7505
4848,1,-5,7506
4849,3,6,7509
4850,1,-1,7510
4851,3,9,7513
4852,1,-5,7514
4853,2,3,7516
4854,1,-1,7517
4855,3,0,7520
4856,1,-5,7521
4857,2,6,7523
4858,2,9,7525
4859,2,5,7527
4860,1,-1,7528
4861,1,-1,7529
4862,1,-1,7530
4863,2,9,7532
4864,3,8,7535
4865,1,-5,7536
4866,1,-1,7537
4867,1,-1,7538
4868,1,-1,7539
4869,1,-1,7540
4870,1,-1,7541
4871,1,-1,7542
4872,3,1,7545
4873,1,-1,7546
4874,1,-1,7547
4875,1,-1,7548
4876,1,-1,7549
4877,1,-1,7550
4878,1,-1,7551
4879,1,-1,7552
4880,1,-1,7553
4881,1,-1,7554
4882,1,-1,7555
4883,1,-1,7556
4884,2,9,7558
4885,2,9,7560
4886,1,-5,7561
4887,1,-1,7562
4888,1,-1,7563
4889,1,-1,7564
4890,3,5,7567
4891,3,3,7570
4892,1,-1,7571
4893,1,-1,7572
4894,1,-1,7573
4895,1,-1,7574
4896,1,-1,7575
4897,1,-1,7576
4898,1,-1,7577
4899,1,-1,7578
4900,1,-1,7579
4901,1,-1,7580
4902,1,-1,7581
4903,1,-1,7582
4904,5,9,7587
4905,1,-1,7588
4906,1,-1,7589
4907,3,6,7592
4908,1,-5,7593
4909,1,-1,7594
4910,3,3,7597
4911,1,-1,7598
4912,1,-1,7599
4913,3,3,7602
4914,3,4,7605
4915,1,-5,7606
4916,1,-1,7607
4917,4,3,7611
4918,3,9,7614
4919,1,-1,7615
4920,1,-1,7616
4921,1,-1,7617
4922,1,-1,7618
4923,1,-1,7619
4924,1,-1,7620
4925,1,-5,7621
4926,2,4,7623
4927,3,7,7626
4928,1,-1,7627
4929,1,-5,7628
4930,3,0,7631
4931,1,-5,7632
4932,2,1,7634
4933,1,-1,7635
4934,1,-1,7636
4935,3,7,7639
4936,1,-5,7640
4937,1,-1,7641
4938,1,-1,7642
4939,3,8,7645
4940,1,-5,7646
4941,1,-1,7647
4942,1,-5,7648
4943,1,-5,7649
4944,1,-5,7650
4945,2,4,7652
4946,1,-1,7653
4947,1,-1,7654
4948,1,-1,7655
4949,4,6,7659
4950,2,9,7661
4951,1,-1,7662
4952,1,-1,7663
4953,3,3,7666
4954,1,-1,7667
4955,1,-1,7668
4956,1,-1,7669
4957,1,-1,7670
4958,1,-1,7671
4959,3,0,7674
4960,1,-5,7675
4961,1,-1,7676
4962,4,9,7680
4963,1,-5,7681
4964,1,-1,7682
4965,1,-1,7683
4966,1,-1,7684
4967,1,-1,7685
4968,1,-1,7686
4969,1,-1,7687
4970,1,-1,7688
4971,1,-1,7689
4972,1,-1,7690
4973,3,5,7693
4974,1,-1,7694
4975,1,-1,7695
4976,1,-1,7696
4977,1,-1,7697
4978,1,-1,7698
4979,1,-1,7699
4980,1,-1,7700
4981,3,7,7703
4982,1,-1,7704
4983,1,-1,7705
4984,1,-1,7706
4985,4,3,7710
4986,1,-5,7711
4987,2,8,7713
4988,1,-1,7714
4989,1,-1,7715
4990,1,-1,7716
4991,1,-1,7717
4992,1,-1,7718
4993,1,-1,7719
4994,1,-1,7720
4995,1,-1,7721
4996,1,-1,7722
4997,1,-1,7723
4998,1,-1,7724
4999,1,-1,7725
5000,1,-1,7726
5001,2,9,7728
5002,1,-5,7729
5003,1,-1,7730
5004,1,-1,7731
5005,1,-1,7732
5006,1,-1,7733
5007,1,-5,7734
5008,1,-5,7735
5009,5,5,7740
5010,1,-5,7741
5011,1,-5,7742
5012,1,-1,7743
5013,1,-1,7744
5014,1,-1,7745
5015,3,9,7748
5016,1,-5,7749
5017,1,-1,7750
5018,1,-1,7751
5019,1,-1,7752
5020,1,-1,7753
5021,1,-1,7754
5022,1,-1,7755
5023,1,-5,7756
5024,5,5,7761
5025,1,-5,7762
5026,3,8,7765
5027,4,7,7769
5028,2,5,7771
5029,1,-5,7772
5030,3,4,7775
5031,1,-5,7776
5032,3,8,7779
5033,1,-5,7780
5034,1,-5,7781
5035,1,-1,7782
5036,1,-1,7783
5037,1,-1,7784
5038,1,-1,7785
5039,1,-1,7786
5040,1,-1,7787
5041,1,-1,7788
5042,1,-1,7789
5043,1,-1,7790
5044,3,1,7793
5045,1,-1,7794
5046,1,-1,7795
5047,1,-1,7796
5048,1,-1,7797
5049,1,-5,7798
5050,3,5,7801
5051,1,-1,7802
5052,1,-1,7803
5053,1,-1,7804
5054,3,7,7807
5055,4,0,7811
5056,2,7,7813
5057,1,-1,7814
5058,1,-1,7815
5059,1,-1,7816
5060,1,-1,7817
5061,3,7,7820
5062,1,-5,7821
5063,3,0,7824
5064,4,3,7828
5065,3,7,7831
5066,1,-1,7832
5067,1,-1,7833
5068,1,-1,7834
5069,1,-1,7835
5070,1,-1,7836
5071,1,-1,7837
5072,1,-1,7838
5073,1,-1,7839
5074,3,3,7842
5075,4,1,7846
5076,3,3,7849
5077,1,-1,7850
5078,1,-1,7851
5079,1,-1,7852
5080,1,-1,7853
5081,1,-1,7854
5082,1,-1,7855
5083,1,-1,7856
5084,3,7,7859
5085,1,-1,7860
5086,1,-1,7861
5087,1,-1,7862
5088,3,8,7865
5089,1,-1,7866
5090,1,-1,7867
5091,4,1,7871
5092,1,-1,7872
5093,1,-1,7873
5094,1,-1,7874
5095,1,-1,7875
5096,1,-1,7876
5097,1,-1,7877
5098,3,1,7880
5099,1,-1,7881
5100,1,-1,7882
5101,1,-1,7883
5102,1,-1,7884
5103,1,-1,7885
5104,1,-1,7886
5105,1,-1,7887
5106,1,-5,7888
5107,2,8,7890
5108,3,0,7893
5109,1,-1,7894
5110,1,-1,7895
5111,1,-1,7896
5112,1,-1,7897
5113,1,-1,7898
5114,1,-1,7899
5115,1,-1,7900
5116,1,-1,7901
5117,1,-1,7902
5118,3,9,7905
5119,3,3,7908
5120,3,5,7911
5121,4,5,7915
5122,1,-1,7916
5123,1,-1,7917
5124,3,7,7920
5125,1,-5,7921
5126,3,0,7924
5127,1,-1,7925
5128,1,-1,7926
5129,2,8,7928
5130,1,-5,7929
5131,1,-5,7930
5132,1,-1,7931
5133,1,-1,7932
5134,1,-1,7933
5135,1,-1,7934
5136,1,-1,7935
5137,1,-1,7936
5138,1,-1,7937
5139,1,-1,7938
5140,1,-1,7939
5141,3,0,7942
5142,1,-1,7943
5143,1,-1,7944
5144,1,-1,7945
5145,1,-1,7946
5146,1,-1,7947
5147,3,0,7950
5148,1,-5,7951
5149,3,8,7954
5150,1,-1,7955
5151,3,9,7958
5152,3,3,7961
5153,1,-1,7962
5154,1,-1,7963
5155,1,-1,7964
5156,1,-1,7965
5157,2,2,7967
5158,1,-1,7968
5159,2,8,7970
5160,2,8,7972
5161,3,4,7975
5162,1,-5,7976
5163,1,-1,7977
5164,1,-1,7978
5165,1,-1,7979
5166,1,-1,7980
5167,1,-1,7981
5168,1,-1,7982
5169,1,-1,7983
5170,1,-1,7984
5171,1,-1,7985
5172,1,-1,7986
5173,1,-1,7987
5174,1,-5,7988
5175,3,4,7991
5176,1,-1,7992
5177,1,-1,7993
5178,1,-1,7994
5179,7,3,8001
5180,3,5,8004
5181,1,-5,8005
5182,3,5,8008
5183,1,-1,8009
5184,1,-1,8010
5185,1,-1,8011
5186,1,-5,8012
5187,3,3,8015
5188,1,-5,8016
5189,1,-1,8017
5190,3,7,8020
5191,1,-5,8021
5192,1,-5,8022
5193,3,9,8025
5194,1,-1,8026
5195,1,-1,8027
5196,3,3,8030
5197,3,3,8033
5198,1,-1,8034
5199,1,-1,8035
5200,1,-1,8036
5201,1,-1,8037
5202,1,-1,8038
5203,1,-1,8039
5204,1,-1,8040
5205,1,-1,8041
5206,3,5,8044
5207,1,-1,8045
5208,1,-1,8046
5209,1,-1,8047
5210,1,-1,8048
5211,3,0,8051
5212,1,-5,8052
5213,2,8,8054
5214,3,8,8057
5215,1,-1,8058
5216,1,-1,8059
5217,3,3,8062
5218,2,2,8064
5219,1,-1,8065
5220,1,-1,8066
5221,1,-1,8067
5222,1,-1,8068
5223,1,-1,8069
5224,3,6,8072
5225,1,-1,8073
5226,1,-1,8074
5227,1,-1,8075
5228,3,5,8078
5229,1,-1,8079
5230,1,-1,8080
5231,1,-1,8081
5232,1,-1,8082
5233,1,-1,8083
5234,1,-1,8084
5235,1,-1,8085
5236,1,-5,8086
5237,3,9,8089
5238,1,-5,8090
5239,1,-1,8091
5240,1,-1,8092
5241,1,-1,8093
5242,1,-1,8094
5243,1,-1,8095
5244,1,-1,8096
5245,1,-1,8097
5246,1,-1,8098
5247,1,-1,8099
5248,1,-1,8100
5249,1,-1,8101
5250,1,-1,8102
5251,1,-1,8103
5252,1,-1,8104
5253,1,-1,8105
5254,1,-1,8106
5255,1,-1,8107
5256,1,-1,8108
5257,2,8,8110
5258,2,3,8112
5259,1,-1,8113
5260,1,-1,8114
5261,3,8,8117
5262,5,3,8122
5263,1,-1,8123
5264,1,-1,8124
5265,3,3,8127
5266,1,-1,8128
5267,1,-1,8129
5268,1,-1,8130
5269,3,3,8133
5270,4,1,8137
5271,1,-1,8138
5272,3,8,8141
5273,1,-5,8142
5274,1,-5,8143
5275,1,-5,8144
5276,1,-1,8145
5277,1,-1,8146
5278,1,-1,8147
5279,1,-1,8148
5280,1,-1,8149
5281,1,-1,8150
5282,2,7,8152
5283,3,8,8155
5284,2,8,8157
5285,1,-1,8158
5286,1,-1,8159
5287,1,-1,8160
5288,1,-1,8161
5289,1,-1,8162
5290,1,-1,8163
5291,3,3,8166
5292,2,9,8168
5293,1,-1,8169
5294,3,8,8172
5295,1,-1,8173
5296,1,-1,8174
5297,1,-1,8175
5298,2,4,8177
5299,3,8,8180
5300,1,-1,8181
5301,1,-1,8182
5302,1,-1,8183
5303,1,-1,8184
5304,1,-1,8185
5305,4,1,8189
5306,3,5,8192
5307,1,-1,8193
5308,1,-1,8194
5309,1,-5,8195
5310,2,9,8197
5311,2,9,8199
5312,1,-5,8200
5313,3,0,8203
5314,4,1,8207
5315,1,-1,8208
5316,1,-1,8209
5317,3,0,8212
5318,3,1,8215
5319,3,5,8218
5320,1,-5,8219
5321,1,-1,8220
5322,4,5,8224
5323,1,-5,8225
5324,3,8,8228
5325,2,0,8230
5326,1,-1,8231
5327,1,-1,8232
5328,2,4,8234
5329,3,3,8237
5330,1,-1,8238
5331,2,5,8240
5332,3,9,8243
5333,1,-5,8244
5334,3,5,8247
5335,2,1,8249
5336,1,-1,8250
5337,1,-1,8251
5338,1,-1,8252
5339,1,-1,8253
5340,1,-1,8254
5341,3,3,8257
5342,2,2,8259
5343,3,9,8262
5344,1,-1,8263
5345,1,-1,8264
5346,1,-1,8265
5347,2,1,8267
5348,1,-5,8268
5349,3,3,8271
5350,1,-1,8272
5351,1,-1,8273
5352,1,-1,8274
5353,1,-5,8275
5354,3,0,8278
5355,1,-1,8279
5356,3,5,8282
5357,1,-5,8283
5358,4,3,8287
5359,4,5,8291
5360,1,-5,8292
5361,3,7,8295
5362,1,-1,8296
5363,3,0,8299
5364,1,-1,8300
5365,3,7,8303
5366,4,3,8307
5367,3,3,8310
5368,3,1,8313
5369,1,-1,8314
5370,1,-5,8315
5371,3,4,8318
5372,2,7,8320
5373,3,3,8323
5374,1,-5,8324
5375,3,7,8327
5376,3,7,8330
5377,1,-1,8331
5378,1,-1,8332
5379,1,-1,8333
5380,1,-5,8334
5381,3,8,8337
5382,3,0,8340
5383,1,-1,8341
5384,1,-1,8342
5385,1,-5,8343
5386,4,9,8347
5387,3,3,8350
5388,2,8,8352
5389,1,-1,8353
5390,4,3,8357
5391,3,7,8360
5392,3,9,8363
5393,1,-1,8364
5394,1,-1,8365
5395,4,9,8369
5396,1,-1,8370
5397,1,-1,8371
5398,1,-1,8372
5399,1,-1,8373
5400,1,-1,8374
5401,1,-1,8375
5402,1,-1,8376
5403,3,0,8379
5404,1,-1,8380
5405,1,-1,8381
5406,1,-1,8382
5407,1,-1,8383
5408,1,-5,8384
5409,3,7,8387
5410,1,-1,8388
5411,1,-1,8389
5412,1,-1,8390
5413,1,-1,8391
5414,1,-1,8392
5415,1,-1,8393
5416,1,-5,8394
5417,3,0,8397
5418,1,-1,8398
5419,1,-1,8399
5420,1,-1,8400
5421,1,-1,8401
5422,3,9,8404
5423,1,-5,8405
5424,3,5,8408
5425,1,-1,8409
5426,1,-1,8410
5427,1,-1,8411
5428,3,3,8414
5429,1,-5,8415
5430,3,4,8418
5431,1,-1,8419
5432,3,7,8422
5433,1,-5,8423
5434,3,5,8426
5435,2,5,8428
5436,1,-5,8429
5437,1,-5,8430
5438,4,0,8434
5439,1,-5,8435
5440,1,-5,8436
5441,1,-1,8437
5442,3,7,8440
5443,3,4,8443
5444,2,2,8445
5445,1,-5,8446
5446,2,3,8448
5447,2,8,8450
5448,3,0,8453
5449,1,-1,8454
5450,1,-1,8455
5451,3,7,8458
5452,1,-5,8459
5453,1,-1,8460
5454,1,-1,8461
5455,1,-1,8462
5456,1,-1,8463
5457,1,-1,8464
5458,1,-1,8465
5459,3,9,8468
5460,1,-1,8469
5461,3,1,8472
5462,3,0,8475
5463,1,-1,8476
5464,1,-1,8477
5465,1,-1,8478
5466,1,-1,8479
5467,1,-1,8480
5468,1,-1,8481
5469,1,-1,8482
5470,1,-1,8483
5471,2,3,8485
5472,3,8,8488
5473,1,-1,8489
5474,1,-1,8490
5475,1,-1,8491
5476,1,-1,8492
5477,1,-1,8493
5478,1,-1,8494
5479,1,-1,8495
5480,1,-1,8496
5481,1,-1,8497
5482,1,-1,8498
5483,1,-1,8499
5484,3,3,8502
5485,1,-5,8503
5486,2,4,8505
5487,1,-5,8506
5488,3,3,8509
5489,1,-5,8510
5490,3,0,8513
5491,2,0,8515
5492,2,7,8517
5493,1,-1,8518
5494,1,-1,8519
5495,1,-1,8520
5496,1,-1,8521
5497,1,-1,8522
5498,1,-1,8523
5499,1,-1,8524
5500,1,-1,8525
5501,3,4,8528
5502,3,5,8531
5503,3,3,8534
5504,3,0,8537
5505,2,0,8539
5506,1,-1,8540
5507,1,-1,8541
5508,1,-1,8542
5509,1,-1,8543
5510,2,0,8545
5511,1,-1,8546
5512,1,-1,8547
5513,1,-1,8548
5514,3,7,8551
5515,1,-1,8552
5516,1,-5,8553
5517,3,0,8556
5518,5,5,8561
5519,1,-5,8562
5520,1,-1,8563
5521,1,-1,8564
5522,1,-1,8565
5523,1,-1,8566
5524,1,-1,8567
5525,3,2,8570
5526,3,5,8573
5527,1,-1,8574
5528,1,-1,8575
5529,1,-1,8576
5530,1,-1,8577
5531,1,-1,8578
5532,1,-1,8579
5533,1,-1,8580
5534,1,-1,8581
5535,2,2,8583
5536,1,-1,8584
5537,1,-1,8585
5538,1,-1,8586
5539,1,-5,8587
5540,1,-5,8588
5541,3,3,8591
5542,1,-1,8592
5543,1,-1,8593
5544,1,-1,8594
5545,1,-1,8595
5546,1,-1,8596
5547,1,-1,8597
5548,3,5,8600
5549,1,-1,8601
5550,1,-1,8602
5551,4,0,8606
5552,4,8,8610
5553,3,7,8613
5554,3,5,8616
5555,1,-5,8617
5556,3,9,8620
5557,1,-1,8621
5558,1,-1,8622
5559,3,9,8625
5560,1,-1,8626
5561,3,7,8629
5562,4,1,8633
5563,1,-1,8634
5564,1,-1,8635
5565,1,-1,8636
5566,4,5,8640
5567,1,-1,8641
5568,1,-1,8642
5569,3,7,8645
5570,1,-5,8646
5571,1,-1,8647
5572,6,5,8653
5573,1,-5,8654
5574,1,-1,8655
5575,3,5,8658
5576,2,5,8660
5577,1,-1,8661
5578,1,-1,8662
5579,3,7,8665
5580,1,-1,8666
5581,1,-1,8667
5582,1,-5,8668
5583,3,9,8671
5584,1,-1,8672
5585,1,-1,8673
5586,1,-1,8674
5587,1,-1,8675
5588,1,-1,8676
5589,1,-1,8677
5590,1,-1,8678
5591,3,5,8681
5592,3,9,8684
5593,3,7,8687
5594,1,-1,8688
5595,1,-1,8689
5596,1,-1,8690
5597,1,-1,8691
5598,1,-1,8692
5599,1,-1,8693
5600,1,-1,8694
5601,3,1,8697
5602,1,-1,8698
5603,1,-1,8699
5604,1,-1,8700
5605,1,-5,8701
5606,3,5,8704
5607,1,-1,8705
5608,4,5,8709
5609,3,7,8712
5610,3,8,8715
5611,2,8,8717
5612,1,-5,8718
5613,1,-1,8719
5614,1,-1,8720
5615,1,-1,8721
5616,1,-1,8722
5617,1,-1,8723
5618,1,-1,8724
5619,3,3,8727
5620,1,-1,8728
5621,1,-1,8729
5622,1,-1,8730
5623,1,-1,8731
5624,1,-1,8732
5625,3,6,8735
5626,1,-1,8736
5627,1,-1,8737
5628,1,-1,8738
5629,1,-1,8739
5630,1,-1,8740
5631,3,3,8743
5632,2,3,8745
5633,4,9,8749
5634,1,-1,8750
5635,1,-5,8751
5636,3,5,8754
5637,3,9,8757
5638,1,-5,8758
5639,3,3,8761
5640,1,-1,8762
5641,1,-1,8763
5642,1,-1,8764
5643,2,1,8766
5644,1,-1,8767
5645,1,-1,8768
5646,1,-1,8769
5647,1,-1,8770
5648,2,9,8772
5649,6,9,8778
5650,1,-1,8779
5651,3,9,8782
5652,1,-1,8783
5653,1,-1,8784
5654,1,-1,8785
5655,1,-1,8786
5656,1,-1,8787
5657,1,-1,8788
5658,1,-1,8789
5659,4,9,8793
5660,1,-1,8794
5661,1,-1,8795
5662,1,-1,8796
5663,1,-1,8797
5664,1,-1,8798
5665,1,-1,8799
5666,1,-1,8800
5667,1,-1,8801
5668,3,6,8804
5669,3,8,8807
5670,1,-5,8808
5671,1,-1,8809
5672,1,-1,8810
5673,1,-1,8811
5674,1,-1,8812
5675,1,-1,8813
5676,1,-1,8814
5677,1,-1,8815
5678,1,-1,8816
5679,1,-1,8817
5680,1,-1,8818
5681,4,5,8822
5682,1,-1,8823
5683,1,-1,8824
5684,1,-1,8825
5685,2,0,8827
5686,4,5,8831
5687,1,-5,8832
5688,1,-1,8833
5689,1,-1,8834
5690,3,9,8837
5691,3,5,8840
5692,4,3,8844
5693,1,-1,8845
5694,1,-1,8846
5695,1,-1,8847
5696,3,9,8850
5697,3,7,8853
5698,1,-1,8854
5699,4,9,8858
5700,1,-1,8859
5701,1,-1,8860
5702,1,-1,8861
5703,1,-1,8862
5704,1,-1,8863
5705,1,-1,8864
5706,1,-1,8865
5707,1,-1,8866
5708,1,-5,8867
5709,3,7,8870
5710,3,0,8873
5711,2,8,8875
5712,1,-1,8876
5713,2,7,8878
5714,3,7,8881
5715,1,-1,8882
5716,1,-1,8883
5717,1,-5,8884
5718,3,4,8887
5719,3,3,8890
5720,1,-5,8891
5721,1,-5,8892
5722,3,5,8895
5723,1,-1,8896
5724,1,-1,8897
5725,1,-1,8898
5726,1,-1,8899
5727,3,5,8902
5728,4,1,8906
5729,1,-1,8907
5730,1,-1,8908
5731,3,5,8911
5732,1,-1,8912
5733,1,-1,8913
5734,1,-1,8914
5735,1,-1,8915
5736,3,5,8918
5737,1,-5,8919
5738,1,-5,8920
5739,3,8,8923
5740,1,-5,8924
5741,1,-1,8925
5742,1,-1,8926
5743,3,6,8929
5744,1,-1,8930
5745,1,-1,8931
5746,1,-1,8932
5747,1,-1,8933
5748,1,-1,8934
5749,3,0,8937
5750,1,-5,8938
5751,1,-5,8939
5752,1,-1,8940
5753,1,-1,8941
5754,1,-1,8942
5755,3,9,8945
5756,4,9,8949
5757,4,7,8953
5758,3,0,8956
5759,3,5,8959
5760,1,-1,8960
5761,1,-1,8961
5762,1,-1,8962
5763,3,4,8965
5764,2,3,8967
5765,2,3,8969
5766,2,4,8971
5767,3,0,8974
5768,1,-1,8975
5769,1,-1,8976
5770,1,-1,8977
5771,1,-1,8978
5772,1,-1,8979
5773,1,-1,8980
5774,1,-5,8981
5775,3,4,8984
5776,1,-1,8985
5777,4,6,8989
5778,3,1,8992
5779,1,-5,8993
5780,2,0,8995
5781,3,8,8998
5782,1,-5,8999
5783,1,-5,9000
5784,3,5,9003
5785,1,-5,9004
5786,3,5,9007
5787,1,-1,9008
5788,1,-1,9009
5789,1,-1,9010
5790,2,0,9012
5791,3,5,9015
5792,3,6,9018
5793,2,5,9020
5794,3,5,9023
5795,1,-1,9024
5796,1,-1,9025
5797,3,3,9028
5798,1,-1,9029
5799,1,-1,9030
5800,3,7,9033
5801,4,3,9037
5802,1,-1,9038
5803,1,-1,9039
5804,1,-1,9040
5805,1,-1,9041
5806,2,8,9043
5807,3,3,9046
5808,3,0,9049
5809,1,-5,9050
5810,3,3,9053
5811,3,5,9056
5812,2,7,9058
5813,1,-1,9059
5814,1,-1,9060
5815,3,0,9063
5816,3,0,9066
5817,3,7,9069
5818,2,6,9071
5819,3,8,9074
5820,1,-1,9075
5821,1,-1,9076
5822,1,-1,9077
5823,3,6,9080
5824,1,-1,9081
5825,4,0,9085
5826,2,4,9087
5827,1,-1,9088
5828,1,-1,9089
5829,1,-1,9090
5830,3,3,9093
5831,1,-1,9094
5832,1,-1,9095
5833,1,-1,9096
5834,1,-1,9097
5835,1,-1,9098
5836,1,-1,9099
5837,1,-1,9100
5838,1,-1,9101
5839,1,-1,9102
5840,1,-1,9103
5841,1,-1,9104
5842,3,3,9107
5843,3,5,9110
5844,1,-5,9111
5845,3,5,9114
5846,1,-5,9115
5847,3,0,9118
5848,1,-1,9119
5849,1,-1,9120
5850,1,-1,9121
5851,3,8,9124
5852,2,9,9126
5853,1,-1,9127
5854,1,-1,9128
5855,1,-1,9129
5856,1,-1,9130
5857,1,-1,9131
5858,1,-1,9132
5859,3,3,9135
5860,1,-1,9136
5861,1,-1,9137
5862,1,-5,9138
5863,3,0,9141
5864,1,-5,9142
5865,1,-5,9143
5866,4,0,9147
5867,2,5,9149
5868,3,3,9152
5869,1,-1,9153
5870,3,5,9156
5871,1,-1,9157
5872,1,-1,9158
5873,1,-1,9159
5874,1,-1,9160
5875,1,-1,9161
5876,1,-1,9162
5877,2,0,9164
5878,3,9,9167
5879,3,1,9170
5880,1,-1,9171
5881,1,-1,9172
5882,1,-1,9173
5883,1,-1,9174
5884,1,-1,9175
5885,1,-1,9176
5886,1,-1,9177
5887,1,-1,9178
5888,1,-1,9179
5889,1,-1,9180
5890,3,9,9183
5891,2,5,9185
5892,4,5,9189
5893,1,-1,9190
5894,2,3,9192
5895,3,3,9195
5896,1,-1,9196
5897,1,-1,9197
5898,1,-1,9198
5899,6,9,9204
5900,3,7,9207
5901,1,-1,9208
5902,1,-1,9209
5903,1,-1,9210
5904,1,-1,9211
5905,1,-1,9212
5906,3,8,9215
5907,2,4,9217
5908,1,-5,9218
5909,2,0,9220
5910,9,4,9229
5911,2,4,9231
5912,4,4,9235
5913,1,-1,9236
5914,3,5,9239
5915,3,7,9242
5916,3,2,9245
5917,1,-1,9246
5918,1,-1,9247
5919,1,-1,9248
5920,1,-1,9249
5921,1,-1,9250
5922,3,9,9253
5923,4,9,9257
5924,3,9,9260
5925,1,-1,9261
5926,1,-1,9262
5927,2,8,9264
5928,3,9,9267
5929,1,-1,9268
5930,1,-1,9269
5931,1,-1,9270
5932,2,4,9272
5933,1,-5,9273
5934,2,4,9275
5935,1,-5,9276
5936,1,-5,9277
5937,4,9,9281
5938,1,-1,9282
5939,1,-1,9283
5940,1,-1,9284
5941,1,-1,9285
5942,1,-5,9286
5943,3,9,9289
5944,2,9,9291
5945,1,-1,9292
5946,1,-1,9293
5947,1,-5,9294
5948,3,9,9297
5949,1,-1,9298
5950,1,-1,9299
5951,1,-1,9300
5952,1,-1,9301
5953,3,5,9304
5954,3,5,9307
5955,1,-1,9308
5956,1,-1,9309
5957,1,-1,9310
5958,1,-1,9311
5959,1,-1,9312
5960,1,-1,9313
5961,1,-1,9314
5962,2,9,9316
5963,1,-5,9317
5964,1,-1,9318
5965,1,-1,9319
5966,1,-1,9320
5967,1,-1,9321
5968,1,-1,9322
5969,1,-1,9323
5970,1,-1,9324
5971,3,3,9327
5972,1,-1,9328
5973,1,-1,9329
5974,1,-1,9330
5975,1,-1,9331
5976,1,-1,9332
5977,1,-5,9333
5978,3,4,9336
5979,1,-5,9337
5980,3,8,9340
5981,1,-5,9341
5982,1,-5,9342
5983,3,3,9345
5984,1,-5,9346
5985,1,-1,9347
5986,1,-1,9348
5987,1,-1,9349
5988,1,-1,9350
5989,2,8,9352
5990,5,1,9357
5991,1,-1,9358
5992,3,3,9361
5993,1,-5,9362
5994,1,-1,9363
5995,1,-1,9364
5996,1,-1,9365
5997,1,-1,9366
5998,1,-1,9367
5999,1,-1,9368
6000,1,-1,9369
6001,2,9,9371
6002,3,0,9374
6003,3,8,9377
6004,3,4,9380
6005,1,-5,9381
6006,3,3,9384
6007,4,9,9388
6008,1,-5,9389
6009,1,-1,9390
6010,1,-5,9391
6011,3,5,9394
6012,3,3,9397
6013,1,-1,9398
6014,1,-1,9399
6015,1,-1,9400
6016,1,-1,9401
6017,1,-5,9402
6018,3,9,9405
6019,1,-1,9406
6020,1,-1,9407
6021,1,-1,9408
6022,2,5,9410
6023,3,5,9413
6024,1,-1,9414
6025,1,-1,9415
6026,1,-5,9416
6027,1,-5,9417
6028,4,4,9421
6029,3,5,9424
6030,1,-1,9425
6031,3,7,9428
6032,1,-1,9429
6033,1,-1,9430
6034,3,6,9433
6035,1,-1,9434
6036,1,-5,9435
6037,4,8,9439
6038,3,8,9442
6039,2,1,9444
6040,3,4,9447
6041,1,-5,9448
6042,1,-1,9449
6043,1,-1,9450
6044,1,-1,9451
6045,1,-1,9452
6046,2,7,9454
6047,3,1,9457
6048,1,-1,9458
6049,1,-1,9459
6050,1,-5,9460
6051,3,8,9463
6052,1,-5,9464
6053,2,5,9466
6054,1,-1,9467
6055,1,-1,9468
6056,1,-1,9469
6057,1,-5,9470
6058,4,0,9474
6059,1,-1,9475
6060,3,6,9478
6061,1,-1,9479
6062,1,-1,9480
6063,1,-1,9481
6064,1,-1,9482
6065,1,-1,9483
6066,1,-1,9484
6067,1,-1,9485
6068,1,-1,9486
6069,1,-1,9487
6070,1,-1,9488
6071,1,-1,9489
6072,1,-1,9490
6073,4,5,9494
6074,1,-5,9495
6075,1,-1,9496
6076,1,-1,9497
6077,1,-1,9498
6078,1,-1,9499
6079,5,7,9504
6080,3,3,9507
6081,1,-1,9508
6082,1,-1,9509
6083,1,-1,9510
6084,1,-1,9511
6085,2,5,9513
6086,4,0,9517
6087,1,-1,9518
6088,1,-1,9519
6089,1,-1,9520
6090,1,-1,9521
6091,1,-1,9522
6092,1,-1,9523
6093,1,-1,9524
6094,1,-1,9525
6095,1,-1,9526
6096,1,-1,9527
6097,1,-1,9528
6098,1,-1,9529
6099,1,-1,9530
6100,3,5,9533
6101,2,5,9535
6102,1,-1,9536
6103,1,-1,9537
6104,1,-1,9538
6105,1,-1,9539
6106,1,-1,9540
6107,1,-1,9541
6108,1,-1,9542
6109,1,-1,9543
6110,1,-1,9544
6111,3,1,9547
6112,3,3,9550
6113,1,-1,9551
6114,1,-1,9552
6115,1,-1,9553
6116,1,-1,9554
6117,1,-1,9555
6118,1,-1,9556
6119,1,-1,9557
6120,1,-1,9558
6121,3,6,9561
6122,2,7,9563
6123,4,9,9567
6124,1,-5,9568
6125,3,0,9571
6126,1,-1,9572
6127,1,-1,9573
6128,1,-1,9574
6129,1,-5,9575
6130,3,0,9578
6131,1,-1,9579
6132,1,-1,9580
6133,1,-1,9581
6134,1,-5,9582
6135,4,0,9586
6136,2,8,9588
6137,1,-5,9589
6138,2,5,9591
6139,3,9,9594
6140,1,-1,9595
6141,1,-1,9596
6142,1,-1,9597
6143,1,-1,9598
6144,1,-1,9599
6145,2,5,9601
6146,4,9,9605
6147,1,-1,9606
6148,1,-1,9607
6149,1,-1,9608
6150,1,-1,9609
6151,1,-1,9610
6152,1,-1,9611
6153,1,-1,9612
6154,1,-1,9613
6155,1,-1,9614
6156,3,0,9617
6157,3,7,9620
6158,1,-1,9621
6159,2,3,9623
6160,4,3,9627
6161,1,-1,9628
6162,1,-1,9629
6163,1,-1,9630
6164,1,-1,9631
6165,1,-1,9632
6166,1,-1,9633
6167,1,-1,9634
6168,1,-1,9635
6169,1,-1,9636
6170,1,-1,9637
6171,1,-1,9638
6172,1,-1,9639
6173,1,-1,9640
6174,1,-1,9641
6175,1,-1,9642
6176,1,-1,9643
6177,1,-1,9644
6178,3,6,9647
6179,1,-1,9648
6180,1,-1,9649
6181,1,-1,9650
6182,1,-1,9651
6183,2,4,9653
6184,1,-1,9654
6185,3,5,9657
6186,1,-1,9658
6187,1,-5,9659
6188,3,0,9662
6189,1,-5,9663
6190,1,-1,9664
6191,1,-1,9665
6192,1,-1,9666
6193,3,8,9669
6194,1,-5,9670
6195,1,-1,9671
6196,1,-1,9672
6197,1,-1,9673
6198,1,-1,9674
6199,1,-1,9675
6200,1,-1,9676
6201,3,6,9679
6202,1,-1,9680
6203,3,9,9683
6204,1,-1,9684
6205,1,-1,9685
6206,1,-1,9686
6207,1,-1,9687
6208,1,-1,9688
6209,1,-1,9689
6210,1,-1,9690
6211,3,1,9693
6212,3,3,9696
6213,1,-5,9697
6214,1,-1,9698
6215,1,-1,9699
6216,1,-1,9700
6217,1,-1,9701
6218,3,7,9704
6219,1,-1,9705
6220,1,-1,9706
6221,1,-1,9707
6222,2,3,9709
6223,3,4,9712
6224,1,-1,9713
6225,1,-1,9714
6226,3,5,9717
6227,1,-1,9718
6228,1,-1,9719
6229,3,3,9722
6230,1,-1,9723
6231,1,-1,9724
6232,1,-1,9725
6233,1,-1,9726
6234,1,-1,9727
6235,1,-1,9728
6236,1,-1,9729
6237,1,-1,9730
6238,1,-1,9731
6239,1,-1,9732
6240,1,-1,9733
6241,3,3,9736
6242,1,-1,9737
6243,1,-1,9738
6244,1,-1,9739
6245,1,-1,9740
6246,3,5,9743
6247,3,7,9746
6248,3,0,9749
6249,2,0,9751
6250,1,-1,9752
6251,1,-1,9753
6252,1,-1,9754
6253,1,-1,9755
6254,3,7,9758
6255,2,0,9760
6256,1,-1,9761
6257,4,5,9765
6258,1,-1,9766
6259,1,-1,9767
6260,1,-1,9768
6261,1,-1,9769
6262,1,-1,9770
6263,1,-1,9771
6264,1,-1,9772
6265,1,-1,9773
6266,1,-1,9774
6267,1,-1,9775
6268,1,-1,9776
6269,1,-1,9777
6270,1,-1,9778
6271,1,-1,9779
6272,1,-1,9780
6273,1,-1,9781
6274,1,-1,9782
6275,4,5,9786
6276,1,-1,9787
6277,1,-5,9788
6278,2,5,9790
6279,1,-1,9791
6280,1,-1,9792
6281,1,-1,9793
6282,1,-1,9794
6283,1,-1,9795
6284,1,-1,9796
6285,1,-5,9797
6286,2,5,9799
6287,1,-1,9800
6288,1,-1,9801
6289,1,-1,9802
6290,3,4,9805
6291,1,-1,9806
6292,1,-1,9807
6293,1,-1,9808
6294,1,-1,9809
6295,3,8,9812
6296,2,9,9814
6297,1,-1,9815
6298,1,-1,9816
6299,1,-1,9817
6300,1,-1,9818
6301,1,-1,9819
6302,1,-1,9820
6303,1,-1,9821
6304,3,6,9824
6305,1,-1,9825
6306,1,-1,9826
6307,1,-1,9827
6308,1,-1,9828
6309,1,-1,9829
6310,1,-1,9830
6311,1,-1,9831
6312,1,-1,9832
6313,1,-1,9833
6314,1,-1,9834
6315,1,-1,9835
6316,1,-1,9836
6317,1,-1,9837
6318,1,-1,9838
6319,1,-1,9839
6320,1,-1,9840
6321,1,-1,9841
6322,1,-1,9842
6323,1,-1,9843
6324,1,-1,9844
6325,1,-1,9845
6326,1,-1,9846
6327,1,-1,9847
6328,1,-1,9848
6329,1,-1,9849
6330,1,-1,9850
6331,1,-1,9851
6332,1,-1,9852
6333,1,-1,9853
6334,1,-1,9854
6335,1,-1,9855
6336,1,-1,9856
6337,2,6,9858
6338,3,5,9861
6339,1,-1,9862
6340,1,-1,9863
6341,1,-1,9864
6342,1,-1,9865
6343,3,5,9868
6344,2,0,9870
6345,1,-1,9871
6346,1,-1,9872
6347,1,-1,9873
6348,1,-1,9874
6349,1,-1,9875
6350,1,-1,9876
6351,1,-1,9877
6352,1,-1,9878
6353,3,1,9881
6354,1,-1,9882
6355,1,-1,9883
6356,1,-1,9884
6357,1,-1,9885
6358,1,-1,9886
6359,3,0,9889
6360,1,-1,9890
6361,1,-1,9891
6362,1,-1,9892
6363,1,-1,9893
6364,1,-1,9894
6365,1,-1,9895
6366,1,-1,9896
6367,1,-1,9897
6368,1,-1,9898
6369,1,-1,9899
6370,2,3,9901
6371,1,-1,9902
6372,1,-1,9903
6373,1,-1,9904
6374,4,3,9908
6375,1,-1,9909
6376,3,2,9912
6377,1,-1,9913
6378,3,5,9916
6379,1,-1,9917
6380,1,-1,9918
6381,1,-1,9919
6382,3,2,9922
6383,1,-5,9923
6384,3,9,9926
6385,1,-1,9927
6386,1,-1,9928
6387,1,-1,9929
6388,1,-1,9930
6389,1,-1,9931
6390,1,-1,9932
6391,1,-1,9933
6392,1,-1,9934
6393,1,-1,9935
6394,1,-1,9936
6395,1,-1,9937
6396,1,-1,9938
6397,1,-1,9939
6398,1,-1,9940
6399,1,-1,9941
6400,1,-1,9942
6401,1,-1,9943
6402,1,-1,9944
6403,1,-1,9945
6404,1,-1,9946
6405,1,-1,9947
6406,1,-1,9948
6407,3,7,9951
6408,1,-1,9952
6409,1,-1,9953
6410,3,3,9956
6411,1,-1,9957
6412,1,-1,9958
6413,1,-1,9959
6414,1,-1,9960
6415,3,8,9963
6416,1,-1,9964
6417,1,-1,9965
6418,1,-1,9966
6419,1,-1,9967
6420,1,-5,9968
6421,3,4,9971
6422,4,5,9975
6423,1,-1,9976
6424,1,-1,9977
6425,1,-1,9978
6426,1,-1,9979
6427,1,-1,9980
6428,1,-1,9981
6429,1,-1,9982
6430,1,-1,9983
6431,1,-1,9984
6432,1,-1,9985
6433,1,-1,9986
6434,1,-1,9987
6435,1,-1,9988
6436,2,0,9990
6437,3,9,9993
6438,1,-1,9994
6439,1,-1,9995
6440,1,-5,9996
6441,3,0,9999
6442,2,9,10001
6443,1,-1,10002
6444,1,-1,10003
6445,6,7,10009
6446,1,-5,10010
6447,1,-5,10011
6448,1,-1,10012
6449,1,-5,10013
6450,4,0,10017
6451,1,-1,10018
6452,1,-1,10019
6453,3,3,10022
6454,1,-1,10023
6455,1,-1,10024
6456,1,-1,10025
6457,1,-1,10026
6458,1,-1,10027
6459,1,-1,10028
6460,1,-1,10029
6461,1,-5,10030
6462,3,7,10033
6463,5,1,10038
6464,1,-1,10039
6465,1,-1,10040
6466,1,-5,10041
6467,3,9,10044
6468,1,-1,10045
6469,1,-1,10046
6470,3,5,10049
6471,3,0,10052
6472,1,-5,10053
6473,3,0,10056
6474,1,-5,10057
6475,3,3,10060
6476,1,-1,10061
6477,1,-1,10062
6478,1,-1,10063
6479,1,-1,10064
6480,1,-1,10065
6481,1,-1,10066
6482,1,-1,10067
6483,4,9,10071
6484,1,-1,10072
6485,1,-1,10073
6486,1,-1,10074
6487,1,-1,10075
6488,1,-1,10076
6489,1,-1,10077
6490,1,-1,10078
6491,1,-1,10079
6492,3,9,10082
6493,3,9,10085
6494,1,-1,10086
6495,1,-1,10087
6496,1,-1,10088
6497,1,-1,10089
6498,1,-1,10090
6499,1,-1,10091
6500,1,-1,10092
6501,3,7,10095
6502,1,-1,10096
6503,1,-1,10097
6504,1,-1,10098
6505,1,-1,10099
6506,2,1,10101
6507,4,8,10105
6508,1,-1,10106
6509,1,-1,10107
6510,1,-1,10108
6511,3,3,10111
6512,3,7,10114
6513,1,-1,10115
6514,1,-1,10116
6515,1,-1,10117
6516,1,-1,10118
6517,1,-1,10119
6518,1,-1,10120
6519,1,-1,10121
6520,1,-1,10122
6521,3,3,10125
6522,3,1,10128
6523,2,7,10130
6524,3,3,10133
6525,3,9,10136
6526,2,9,10138
6527,3,4,10141
6528,1,-1,10142
6529,1,-1,10143
6530,1,-1,10144
6531,1,-1,10145
6532,1,-1,10146
6533,1,-1,10147
6534,4,9,10151
6535,3,0,10154
6536,1,-1,10155
6537,1,-1,10156
6538,1,-1,10157
6539,1,-1,10158
6540,1,-1,10159
6541,1,-5,10160
6542,4,4,10164
6543,4,9,10168
6544,1,-5,10169
6545,3,0,10172
6546,1,-1,10173
6547,1,-1,10174
6548,1,-1,10175
6549,1,-1,10176
6550,3,5,10179
6551,1,-1,10180
6552,1,-1,10181
6553,1,-1,10182
6554,1,-5,10183
6555,3,5,10186
6556,1,-1,10187
6557,1,-1,10188
6558,1,-1,10189
6559,5,9,10194
6560,1,-1,10195
6561,3,8,10198
6562,3,0,10201
6563,1,-1,10202
6564,1,-1,10203
6565,4,3,10207
6566,1,-1,10208
6567,1,-1,10209
6568,1,-1,10210
6569,1,-1,10211
6570,1,-1,10212
6571,1,-1,10213
6572,1,-1,10214
6573,1,-1,10215
6574,1,-1,10216
6575,1,-1,10217
6576,1,-1,10218
6577,1,-1,10219
6578,4,8,10223
6579,1,-1,10224
6580,1,-1,10225
6581,5,9,10230
6582,1,-1,10231
6583,2,3,10233
6584,5,1,10238
6585,1,-1,10239
6586,1,-1,10240
6587,2,5,10242
6588,1,-5,10243
6589,1,-5,10244
6590,3,8,10247
6591,1,-1,10248
6592,1,-1,10249
6593,1,-1,10250
6594,1,-1,10251
6595,1,-1,10252
6596,1,-1,10253
6597,4,5,10257
6598,1,-1,10258
6599,1,-1,10259
6600,1,-1,10260
6601,1,-1,10261
6602,3,5,10264
6603,1,-1,10265
6604,1,-1,10266
6605,1,-1,10267
6606,1,-1,10268
6607,1,-1,10269
6608,1,-1,10270
6609,1,-1,10271
6610,1,-1,10272
6611,4,5,10276
6612,1,-1,10277
6613,3,8,10280
6614,1,-5,10281
6615,1,-1,10282
6616,1,-1,10283
6617,1,-1,10284
6618,1,-1,10285
6619,1,-1,10286
6620,1,-1,10287
6621,1,-1,10288
6622,1,-1,10289
6623,1,-1,10290
6624,1,-1,10291
6625,1,-1,10292
6626,1,-5,10293
6627,3,5,10296
6628,8,4,10304
6629,1,-5,10305
6630,5,4,10310
6631,2,8,10312
