,cluster0,cluster1,cluster2,cluster3,cluster4,cluster5,cluster6,cluster7,cluster8,cluster9,cluster_length0,cluster_length1,cluster_length2,cluster_length3,cluster_length4,cluster_length5,cluster_length6,cluster_length7,cluster_length8,cluster_length9
0,3.0,3.0017,3.0315,3.0,3.0009,3.0009,3.0009,3.0,3.0,3.0004,784,369,49,844,381,921,210,601,546,814
1,3.0004,3.0022,3.0434,3.0004,3.0009,3.0022,3.0044,3.0,3.0004,3.0009,-1,-1,-1,-1,-1,-1,-1,-1,-1,-1
2,3.0017,3.0039,3.0472,3.0009,3.0017,3.0022,3.0061,3.0004,3.0004,3.0009,-1,-1,-1,-1,-1,-1,-1,-1,-1,-1
3,3.0022,3.0052,3.0477,3.0009,3.007,3.0035,3.0074,3.0022,3.0009,3.0009,-1,-1,-1,-1,-1,-1,-1,-1,-1,-1
4,3.0022,3.0052,3.059,3.0044,3.0074,3.0044,3.0074,3.0022,3.0022,3.0022,-1,-1,-1,-1,-1,-1,-1,-1,-1,-1
5,3.0052,3.0061,3.0825,3.0044,3.0074,3.0061,3.0088,3.0031,3.0031,3.0022,-1,-1,-1,-1,-1,-1,-1,-1,-1,-1
6,3.0052,3.007,3.083,3.0044,3.0123,3.007,3.0106,3.0039,3.0035,3.0022,-1,-1,-1,-1,-1,-1,-1,-1,-1,-1
7,3.0052,3.007,3.0996,3.0052,3.0123,3.0074,3.0168,3.0044,3.0052,3.0022,-1,-1,-1,-1,-1,-1,-1,-1,-1,-1
8,3.0052,3.0074,3.1209,3.0057,3.0123,3.0074,3.0214,3.0044,3.0052,3.0031,-1,-1,-1,-1,-1,-1,-1,-1,-1,-1
9,3.0052,3.0088,3.1421,3.0061,3.0128,3.0088,3.0223,3.0052,3.0088,3.0031,-1,-1,-1,-1,-1,-1,-1,-1,-1,-1
10,3.0061,3.0106,3.1421,3.0061,3.0141,3.0088,3.0227,3.0057,3.0132,3.0035,-1,-1,-1,-1,-1,-1,-1,-1,-1,-1
11,3.0061,3.0123,3.1463,3.0074,3.0146,3.0088,3.0232,3.0079,3.0146,3.0035,-1,-1,-1,-1,-1,-1,-1,-1,-1,-1
12,3.0079,3.015,3.1637,3.0088,3.0209,3.0092,3.0287,3.0079,3.0146,3.0052,-1,-1,-1,-1,-1,-1,-1,-1,-1,-1
13,3.0106,3.015,3.1791,3.0092,3.0255,3.0092,3.0306,3.0106,3.015,3.0052,-1,-1,-1,-1,-1,-1,-1,-1,-1,-1
14,3.011,3.015,3.1851,3.0092,3.0264,3.0106,3.0325,3.0106,3.0164,3.0052,-1,-1,-1,-1,-1,-1,-1,-1,-1,-1
15,3.011,3.015,3.1931,3.0097,3.0292,3.0114,3.0329,3.0132,3.0182,3.007,-1,-1,-1,-1,-1,-1,-1,-1,-1,-1
16,3.011,3.0164,3.2125,3.0097,3.0297,3.0123,3.0334,3.0168,3.0209,3.007,-1,-1,-1,-1,-1,-1,-1,-1,-1,-1
17,3.0114,3.0182,3.2321,3.0106,3.0297,3.0123,3.0339,3.0186,3.0223,3.0074,-1,-1,-1,-1,-1,-1,-1,-1,-1,-1
18,3.0114,3.0214,3.2388,3.0106,3.0334,3.0123,3.0372,3.0191,3.0232,3.0074,-1,-1,-1,-1,-1,-1,-1,-1,-1,-1
19,3.0128,3.0232,3.2396,3.0114,3.0362,3.0128,3.0372,3.0205,3.0269,3.0079,-1,-1,-1,-1,-1,-1,-1,-1,-1,-1
20,3.0141,3.0264,3.2565,3.0123,3.0405,3.0128,3.0381,3.0214,3.0273,3.0079,-1,-1,-1,-1,-1,-1,-1,-1,-1,-1
21,3.0146,3.0269,3.2765,3.0132,3.0443,3.0128,3.0386,3.0214,3.0283,3.0079,-1,-1,-1,-1,-1,-1,-1,-1,-1,-1
22,3.0146,3.0273,3.3526,3.0141,3.0453,3.0132,3.0395,3.0223,3.0306,3.0092,-1,-1,-1,-1,-1,-1,-1,-1,-1,-1
23,3.015,3.0306,3.3726,3.0159,3.0482,3.0141,3.0424,3.0241,3.0311,3.011,-1,-1,-1,-1,-1,-1,-1,-1,-1,-1
24,3.0164,3.0329,3.3872,3.0159,3.0496,3.0141,3.0477,3.0264,3.0329,3.0114,-1,-1,-1,-1,-1,-1,-1,-1,-1,-1
25,3.0164,3.0334,3.4112,3.0164,3.0521,3.0146,3.0491,3.0269,3.0334,3.0123,-1,-1,-1,-1,-1,-1,-1,-1,-1,-1
26,3.0168,3.0334,3.4134,3.0168,3.0521,3.015,3.065,3.0269,3.0339,3.0132,-1,-1,-1,-1,-1,-1,-1,-1,-1,-1
27,3.0173,3.0348,3.4145,3.0173,3.0565,3.0159,3.0701,3.0269,3.0357,3.0159,-1,-1,-1,-1,-1,-1,-1,-1,-1,-1
28,3.0182,3.0353,3.4401,3.0186,3.0595,3.0164,3.0721,3.0273,3.0376,3.0164,-1,-1,-1,-1,-1,-1,-1,-1,-1,-1
29,3.0186,3.0353,3.4522,3.0186,3.0615,3.0168,3.0731,3.0273,3.0386,3.0168,-1,-1,-1,-1,-1,-1,-1,-1,-1,-1
30,3.0186,3.0362,3.4572,3.02,3.064,3.0173,3.0768,3.0283,3.0395,3.0168,-1,-1,-1,-1,-1,-1,-1,-1,-1,-1
31,3.0191,3.0362,3.4647,3.0227,3.0645,3.0173,3.0768,3.0311,3.0405,3.0168,-1,-1,-1,-1,-1,-1,-1,-1,-1,-1
32,3.02,3.0372,3.4672,3.0241,3.0655,3.0186,3.0788,3.0311,3.0434,3.0186,-1,-1,-1,-1,-1,-1,-1,-1,-1,-1
33,3.02,3.0395,3.4763,3.0246,3.067,3.0191,3.0788,3.0315,3.0443,3.02,-1,-1,-1,-1,-1,-1,-1,-1,-1,-1
34,3.02,3.041,3.5072,3.0264,3.067,3.0191,3.0804,3.0325,3.0448,3.02,-1,-1,-1,-1,-1,-1,-1,-1,-1,-1
35,3.0205,3.0429,3.5901,3.0264,3.0675,3.0209,3.0835,3.0325,3.0453,3.02,-1,-1,-1,-1,-1,-1,-1,-1,-1,-1
36,3.0205,3.0429,3.6055,3.0269,3.0731,3.0214,3.0846,3.0325,3.0453,3.0209,-1,-1,-1,-1,-1,-1,-1,-1,-1,-1
37,3.0209,3.0434,3.6091,3.0273,3.0768,3.0214,3.0851,3.0339,3.0458,3.0223,-1,-1,-1,-1,-1,-1,-1,-1,-1,-1
38,3.0209,3.0443,3.6716,3.0273,3.0768,3.0223,3.0857,3.0353,3.0491,3.0223,-1,-1,-1,-1,-1,-1,-1,-1,-1,-1
39,3.0227,3.0496,3.719,3.0283,3.0768,3.0223,3.0857,3.0353,3.0496,3.0232,-1,-1,-1,-1,-1,-1,-1,-1,-1,-1
40,3.025,3.0511,3.7878,3.0283,3.0778,3.0223,3.0862,3.0362,3.0496,3.0232,-1,-1,-1,-1,-1,-1,-1,-1,-1,-1
41,3.025,3.0511,3.8097,3.0292,3.0814,3.0227,3.0931,3.0376,3.0521,3.0232,-1,-1,-1,-1,-1,-1,-1,-1,-1,-1
42,3.0264,3.0555,3.8962,3.0292,3.0851,3.0227,3.0942,3.0381,3.0521,3.0241,-1,-1,-1,-1,-1,-1,-1,-1,-1,-1
43,3.0264,3.0565,3.9706,3.0297,3.0851,3.0241,3.1085,3.0381,3.0526,3.0241,-1,-1,-1,-1,-1,-1,-1,-1,-1,-1
44,3.0264,3.0605,4.214,3.0297,3.0862,3.0246,3.1146,3.0395,3.0531,3.0246,-1,-1,-1,-1,-1,-1,-1,-1,-1,-1
45,3.0273,3.0635,4.3478,3.0297,3.0872,3.025,3.1163,3.04,3.0575,3.025,-1,-1,-1,-1,-1,-1,-1,-1,-1,-1
46,3.0273,3.0635,4.4724,3.0306,3.0872,3.0255,3.1186,3.04,3.0575,3.0255,-1,-1,-1,-1,-1,-1,-1,-1,-1,-1
47,3.0306,3.0645,4.8097,3.0306,3.0872,3.0255,3.1215,3.0419,3.059,3.0269,-1,-1,-1,-1,-1,-1,-1,-1,-1,-1
48,3.0315,3.0665,4.9666,3.0311,3.0899,3.0264,3.1221,3.0419,3.061,3.0269,-1,-1,-1,-1,-1,-1,-1,-1,-1,-1
49,3.0315,3.0685,-1,3.0315,3.0904,3.0264,3.1232,3.0419,3.0645,3.0273,-1,-1,-1,-1,-1,-1,-1,-1,-1,-1
50,3.0325,3.0691,-1,3.0315,3.091,3.0269,3.1244,3.0424,3.0655,3.0273,-1,-1,-1,-1,-1,-1,-1,-1,-1,-1
51,3.0325,3.0706,-1,3.0325,3.0926,3.0273,3.1255,3.0424,3.068,3.0283,-1,-1,-1,-1,-1,-1,-1,-1,-1,-1
52,3.0334,3.0716,-1,3.0325,3.0931,3.0273,3.1296,3.0434,3.068,3.0287,-1,-1,-1,-1,-1,-1,-1,-1,-1,-1
53,3.0362,3.0721,-1,3.0325,3.0937,3.0273,3.1302,3.0467,3.0685,3.0287,-1,-1,-1,-1,-1,-1,-1,-1,-1,-1
54,3.0372,3.0731,-1,3.0334,3.0942,3.0283,3.1302,3.0472,3.0691,3.0292,-1,-1,-1,-1,-1,-1,-1,-1,-1,-1
55,3.0372,3.0737,-1,3.0339,3.0947,3.0283,3.1308,3.0472,3.0711,3.0292,-1,-1,-1,-1,-1,-1,-1,-1,-1,-1
56,3.0376,3.0747,-1,3.0353,3.0953,3.0283,3.1343,3.0506,3.0721,3.0311,-1,-1,-1,-1,-1,-1,-1,-1,-1,-1
57,3.0395,3.0757,-1,3.0353,3.098,3.0283,3.1349,3.0506,3.0737,3.0315,-1,-1,-1,-1,-1,-1,-1,-1,-1,-1
58,3.0395,3.0768,-1,3.0357,3.0985,3.0287,3.1373,3.0526,3.0737,3.0325,-1,-1,-1,-1,-1,-1,-1,-1,-1,-1
59,3.04,3.0773,-1,3.0357,3.0996,3.0287,3.1463,3.0535,3.0747,3.0325,-1,-1,-1,-1,-1,-1,-1,-1,-1,-1
60,3.04,3.0788,-1,3.0357,3.1002,3.0297,3.1512,3.0565,3.0752,3.0329,-1,-1,-1,-1,-1,-1,-1,-1,-1,-1
61,3.0419,3.0794,-1,3.0376,3.1007,3.0311,3.1555,3.0575,3.0752,3.0339,-1,-1,-1,-1,-1,-1,-1,-1,-1,-1
62,3.0429,3.082,-1,3.0376,3.1024,3.0311,3.1561,3.059,3.0768,3.0348,-1,-1,-1,-1,-1,-1,-1,-1,-1,-1
63,3.0434,3.0825,-1,3.0381,3.1029,3.0311,3.1574,3.0595,3.0773,3.0353,-1,-1,-1,-1,-1,-1,-1,-1,-1,-1
64,3.0434,3.083,-1,3.0381,3.1035,3.0315,3.158,3.061,3.0773,3.0357,-1,-1,-1,-1,-1,-1,-1,-1,-1,-1
65,3.0443,3.0835,-1,3.0405,3.1035,3.0315,3.1599,3.0615,3.0778,3.0362,-1,-1,-1,-1,-1,-1,-1,-1,-1,-1
66,3.0443,3.0846,-1,3.0424,3.1046,3.0325,3.1612,3.0625,3.0778,3.0386,-1,-1,-1,-1,-1,-1,-1,-1,-1,-1
67,3.0443,3.0857,-1,3.0424,3.1057,3.0329,3.1618,3.0635,3.0783,3.0395,-1,-1,-1,-1,-1,-1,-1,-1,-1,-1
68,3.0443,3.0862,-1,3.0434,3.109,3.0334,3.1624,3.0635,3.0788,3.0395,-1,-1,-1,-1,-1,-1,-1,-1,-1,-1
69,3.0443,3.0872,-1,3.0434,3.1107,3.0334,3.1624,3.0635,3.0788,3.04,-1,-1,-1,-1,-1,-1,-1,-1,-1,-1
70,3.0453,3.0872,-1,3.0434,3.1135,3.0348,3.1649,3.0645,3.083,3.0405,-1,-1,-1,-1,-1,-1,-1,-1,-1,-1
71,3.0453,3.0872,-1,3.0448,3.1135,3.0353,3.1701,3.0665,3.0862,3.0419,-1,-1,-1,-1,-1,-1,-1,-1,-1,-1
72,3.0458,3.0899,-1,3.0448,3.1135,3.0372,3.1701,3.0665,3.0867,3.0458,-1,-1,-1,-1,-1,-1,-1,-1,-1,-1
73,3.0458,3.0899,-1,3.0458,3.1135,3.0372,3.1707,3.067,3.0926,3.0467,-1,-1,-1,-1,-1,-1,-1,-1,-1,-1
74,3.0458,3.0899,-1,3.0458,3.1215,3.0376,3.1752,3.067,3.0942,3.0467,-1,-1,-1,-1,-1,-1,-1,-1,-1,-1
75,3.0467,3.0931,-1,3.0467,3.1215,3.0386,3.1765,3.0691,3.0958,3.0472,-1,-1,-1,-1,-1,-1,-1,-1,-1,-1
76,3.0467,3.0996,-1,3.0472,3.1232,3.0395,3.1765,3.0706,3.0969,3.0477,-1,-1,-1,-1,-1,-1,-1,-1,-1,-1
77,3.0472,3.1002,-1,3.0472,3.1249,3.0395,3.1785,3.0711,3.0969,3.0477,-1,-1,-1,-1,-1,-1,-1,-1,-1,-1
78,3.0472,3.1035,-1,3.0472,3.1267,3.04,3.1791,3.0711,3.0969,3.0477,-1,-1,-1,-1,-1,-1,-1,-1,-1,-1
79,3.0472,3.1051,-1,3.0477,3.1273,3.04,3.1824,3.0711,3.098,3.0501,-1,-1,-1,-1,-1,-1,-1,-1,-1,-1
80,3.0472,3.1079,-1,3.0491,3.1284,3.04,3.1838,3.0721,3.098,3.0506,-1,-1,-1,-1,-1,-1,-1,-1,-1,-1
81,3.0477,3.1085,-1,3.0496,3.1302,3.041,3.1844,3.0731,3.1007,3.0511,-1,-1,-1,-1,-1,-1,-1,-1,-1,-1
82,3.0477,3.1146,-1,3.0496,3.1319,3.0419,3.1898,3.0731,3.1024,3.0521,-1,-1,-1,-1,-1,-1,-1,-1,-1,-1
83,3.0482,3.1163,-1,3.0501,3.1331,3.0419,3.1898,3.0737,3.1035,3.0526,-1,-1,-1,-1,-1,-1,-1,-1,-1,-1
84,3.0491,3.1186,-1,3.0521,3.1331,3.0419,3.1898,3.0742,3.1057,3.0531,-1,-1,-1,-1,-1,-1,-1,-1,-1,-1
85,3.0491,3.1221,-1,3.0521,3.1349,3.0424,3.1959,3.0757,3.1057,3.0535,-1,-1,-1,-1,-1,-1,-1,-1,-1,-1
86,3.0506,3.1226,-1,3.0521,3.1397,3.0424,3.2097,3.0757,3.1062,3.0545,-1,-1,-1,-1,-1,-1,-1,-1,-1,-1
87,3.0511,3.1238,-1,3.0521,3.1397,3.0429,3.2111,3.0804,3.1073,3.0555,-1,-1,-1,-1,-1,-1,-1,-1,-1,-1
88,3.0526,3.1244,-1,3.0526,3.1421,3.0434,3.2197,3.0809,3.1079,3.0555,-1,-1,-1,-1,-1,-1,-1,-1,-1,-1
89,3.0535,3.1284,-1,3.0535,3.1469,3.0434,3.2233,3.0814,3.1085,3.0565,-1,-1,-1,-1,-1,-1,-1,-1,-1,-1
90,3.0545,3.1308,-1,3.0535,3.1506,3.0443,3.224,3.082,3.1118,3.0565,-1,-1,-1,-1,-1,-1,-1,-1,-1,-1
91,3.0555,3.1331,-1,3.0535,3.1524,3.0453,3.2248,3.083,3.1135,3.0565,-1,-1,-1,-1,-1,-1,-1,-1,-1,-1
92,3.0555,3.1373,-1,3.0545,3.1543,3.0453,3.2277,3.0835,3.1141,3.0575,-1,-1,-1,-1,-1,-1,-1,-1,-1,-1
93,3.056,3.1397,-1,3.055,3.1549,3.0453,3.2314,3.0835,3.1146,3.0575,-1,-1,-1,-1,-1,-1,-1,-1,-1,-1
94,3.056,3.1397,-1,3.056,3.1555,3.0453,3.2426,3.0851,3.1146,3.058,-1,-1,-1,-1,-1,-1,-1,-1,-1,-1
95,3.056,3.1403,-1,3.0575,3.1618,3.0458,3.2457,3.0862,3.1163,3.058,-1,-1,-1,-1,-1,-1,-1,-1,-1,-1
96,3.056,3.1433,-1,3.058,3.1618,3.0458,3.2457,3.0872,3.118,3.0585,-1,-1,-1,-1,-1,-1,-1,-1,-1,-1
97,3.0565,3.1451,-1,3.0585,3.1624,3.0467,3.2464,3.0894,3.1186,3.0585,-1,-1,-1,-1,-1,-1,-1,-1,-1,-1
98,3.0565,3.1457,-1,3.0585,3.1637,3.0477,3.2487,3.0899,3.1198,3.059,-1,-1,-1,-1,-1,-1,-1,-1,-1,-1
99,3.0575,3.1463,-1,3.059,3.1675,3.0477,3.2596,3.0904,3.1215,3.059,-1,-1,-1,-1,-1,-1,-1,-1,-1,-1
100,3.058,3.1506,-1,3.0605,3.1681,3.0491,3.2708,3.0904,3.1221,3.0605,-1,-1,-1,-1,-1,-1,-1,-1,-1,-1
101,3.0595,3.1518,-1,3.0605,3.1694,3.0496,3.2708,3.0904,3.1221,3.061,-1,-1,-1,-1,-1,-1,-1,-1,-1,-1
102,3.0605,3.1524,-1,3.0605,3.1726,3.0496,3.2733,3.0904,3.1232,3.061,-1,-1,-1,-1,-1,-1,-1,-1,-1,-1
103,3.0605,3.153,-1,3.061,3.1726,3.0506,3.2815,3.091,3.1232,3.062,-1,-1,-1,-1,-1,-1,-1,-1,-1,-1
104,3.0645,3.153,-1,3.061,3.1746,3.0521,3.2848,3.0926,3.1232,3.0635,-1,-1,-1,-1,-1,-1,-1,-1,-1,-1
105,3.0645,3.1543,-1,3.0615,3.1851,3.0526,3.2857,3.0926,3.1244,3.0635,-1,-1,-1,-1,-1,-1,-1,-1,-1,-1
106,3.065,3.1555,-1,3.0615,3.1851,3.0531,3.2857,3.0958,3.1255,3.0635,-1,-1,-1,-1,-1,-1,-1,-1,-1,-1
107,3.0665,3.1568,-1,3.062,3.1871,3.0531,3.3002,3.0958,3.1267,3.065,-1,-1,-1,-1,-1,-1,-1,-1,-1,-1
108,3.067,3.1599,-1,3.0625,3.1871,3.0535,3.301,3.0969,3.1284,3.0655,-1,-1,-1,-1,-1,-1,-1,-1,-1,-1
109,3.067,3.1643,-1,3.0635,3.1898,3.0535,3.3054,3.0991,3.1308,3.0675,-1,-1,-1,-1,-1,-1,-1,-1,-1,-1
110,3.0675,3.1656,-1,3.064,3.1904,3.0535,3.317,3.0996,3.1319,3.0701,-1,-1,-1,-1,-1,-1,-1,-1,-1,-1
111,3.068,3.1726,-1,3.064,3.1986,3.0535,3.3233,3.1007,3.1325,3.0701,-1,-1,-1,-1,-1,-1,-1,-1,-1,-1
112,3.0685,3.1746,-1,3.0645,3.1993,3.0535,3.3261,3.1018,3.1325,3.0706,-1,-1,-1,-1,-1,-1,-1,-1,-1,-1
113,3.0685,3.1759,-1,3.0645,3.2013,3.0545,3.3316,3.1029,3.1349,3.0721,-1,-1,-1,-1,-1,-1,-1,-1,-1,-1
114,3.0706,3.1791,-1,3.0665,3.202,3.0555,3.3363,3.1029,3.1367,3.0721,-1,-1,-1,-1,-1,-1,-1,-1,-1,-1
115,3.0706,3.1818,-1,3.0665,3.2034,3.0555,3.3401,3.1046,3.1373,3.0737,-1,-1,-1,-1,-1,-1,-1,-1,-1,-1
116,3.0706,3.1831,-1,3.067,3.2041,3.0575,3.3565,3.1051,3.1379,3.0742,-1,-1,-1,-1,-1,-1,-1,-1,-1,-1
117,3.0721,3.1871,-1,3.0675,3.2048,3.058,3.3645,3.1062,3.1403,3.0752,-1,-1,-1,-1,-1,-1,-1,-1,-1,-1
118,3.0737,3.1871,-1,3.068,3.209,3.058,3.3675,3.109,3.1439,3.0752,-1,-1,-1,-1,-1,-1,-1,-1,-1,-1
119,3.0742,3.1878,-1,3.068,3.209,3.058,3.3706,3.109,3.1439,3.0757,-1,-1,-1,-1,-1,-1,-1,-1,-1,-1
120,3.0747,3.1884,-1,3.0685,3.2097,3.0585,3.3809,3.1096,3.1439,3.0757,-1,-1,-1,-1,-1,-1,-1,-1,-1,-1
121,3.0747,3.1884,-1,3.0685,3.2104,3.0585,3.3809,3.1113,3.1445,3.0757,-1,-1,-1,-1,-1,-1,-1,-1,-1,-1
122,3.0757,3.1884,-1,3.0691,3.2104,3.0595,3.3872,3.1118,3.1451,3.0768,-1,-1,-1,-1,-1,-1,-1,-1,-1,-1
123,3.0778,3.1891,-1,3.0701,3.2118,3.0615,3.3872,3.1118,3.1463,3.0768,-1,-1,-1,-1,-1,-1,-1,-1,-1,-1
124,3.0788,3.1904,-1,3.0701,3.2118,3.0615,3.4012,3.1135,3.1463,3.0773,-1,-1,-1,-1,-1,-1,-1,-1,-1,-1
125,3.0794,3.1911,-1,3.0706,3.2125,3.062,3.4089,3.1141,3.1487,3.0773,-1,-1,-1,-1,-1,-1,-1,-1,-1,-1
126,3.0804,3.1911,-1,3.0711,3.2154,3.0625,3.4306,3.1141,3.1487,3.0804,-1,-1,-1,-1,-1,-1,-1,-1,-1,-1
127,3.0825,3.1938,-1,3.0731,3.2154,3.0635,3.4306,3.1146,3.1487,3.0804,-1,-1,-1,-1,-1,-1,-1,-1,-1,-1
128,3.0835,3.1952,-1,3.0731,3.2161,3.0645,3.4318,3.1163,3.15,3.0804,-1,-1,-1,-1,-1,-1,-1,-1,-1,-1
129,3.0835,3.1965,-1,3.0737,3.2161,3.0645,3.4318,3.1163,3.1549,3.0809,-1,-1,-1,-1,-1,-1,-1,-1,-1,-1
130,3.0835,3.1993,-1,3.0742,3.2197,3.0655,3.4342,3.1169,3.1555,3.0825,-1,-1,-1,-1,-1,-1,-1,-1,-1,-1
131,3.0851,3.202,-1,3.0747,3.2204,3.0655,3.4401,3.1198,3.1555,3.0825,-1,-1,-1,-1,-1,-1,-1,-1,-1,-1
132,3.0851,3.2027,-1,3.0752,3.2262,3.0665,3.4473,3.1198,3.158,3.0835,-1,-1,-1,-1,-1,-1,-1,-1,-1,-1
133,3.0851,3.2069,-1,3.0757,3.2262,3.067,3.4559,3.1226,3.1593,3.0846,-1,-1,-1,-1,-1,-1,-1,-1,-1,-1
134,3.0862,3.2069,-1,3.0757,3.2262,3.067,3.4763,3.1238,3.1605,3.0851,-1,-1,-1,-1,-1,-1,-1,-1,-1,-1
135,3.0867,3.2069,-1,3.0768,3.2262,3.0685,3.4935,3.1249,3.1605,3.0851,-1,-1,-1,-1,-1,-1,-1,-1,-1,-1
136,3.0872,3.209,-1,3.0773,3.2321,3.0691,3.4949,3.1249,3.1612,3.0867,-1,-1,-1,-1,-1,-1,-1,-1,-1,-1
137,3.0872,3.2125,-1,3.0783,3.2358,3.0711,3.5031,3.1249,3.1618,3.0872,-1,-1,-1,-1,-1,-1,-1,-1,-1,-1
138,3.0872,3.214,-1,3.0788,3.2388,3.0721,3.5086,3.1255,3.1624,3.0888,-1,-1,-1,-1,-1,-1,-1,-1,-1,-1
139,3.0883,3.2197,-1,3.0788,3.2418,3.0721,3.5143,3.1261,3.1637,3.0899,-1,-1,-1,-1,-1,-1,-1,-1,-1,-1
140,3.0888,3.2226,-1,3.0788,3.2628,3.0721,3.5171,3.1273,3.1637,3.0899,-1,-1,-1,-1,-1,-1,-1,-1,-1,-1
141,3.0899,3.224,-1,3.0788,3.2668,3.0731,3.5214,3.1273,3.1649,3.0904,-1,-1,-1,-1,-1,-1,-1,-1,-1,-1
142,3.091,3.2262,-1,3.0804,3.2708,3.0737,3.5302,3.1296,3.1662,3.0904,-1,-1,-1,-1,-1,-1,-1,-1,-1,-1
143,3.0937,3.2277,-1,3.0809,3.2708,3.0752,3.5317,3.1302,3.1675,3.0915,-1,-1,-1,-1,-1,-1,-1,-1,-1,-1
144,3.0958,3.2277,-1,3.082,3.2749,3.0752,3.5436,3.1319,3.1675,3.0937,-1,-1,-1,-1,-1,-1,-1,-1,-1,-1
145,3.098,3.2306,-1,3.0825,3.2765,3.0752,3.5575,3.1319,3.1675,3.0937,-1,-1,-1,-1,-1,-1,-1,-1,-1,-1
146,3.1002,3.2358,-1,3.083,3.2765,3.0757,3.5638,3.1325,3.1688,3.0937,-1,-1,-1,-1,-1,-1,-1,-1,-1,-1
147,3.1002,3.2366,-1,3.083,3.2765,3.0757,3.5735,3.1349,3.1694,3.0942,-1,-1,-1,-1,-1,-1,-1,-1,-1,-1
148,3.1007,3.2366,-1,3.083,3.2765,3.0768,3.5751,3.1349,3.1694,3.0947,-1,-1,-1,-1,-1,-1,-1,-1,-1,-1
149,3.104,3.2411,-1,3.0835,3.2765,3.0773,3.585,3.1361,3.1713,3.0953,-1,-1,-1,-1,-1,-1,-1,-1,-1,-1
150,3.1046,3.2411,-1,3.0857,3.2765,3.0783,3.6162,3.1409,3.1733,3.0958,-1,-1,-1,-1,-1,-1,-1,-1,-1,-1
151,3.1051,3.2418,-1,3.0857,3.2765,3.0788,3.6216,3.1415,3.1752,3.0969,-1,-1,-1,-1,-1,-1,-1,-1,-1,-1
152,3.1051,3.2426,-1,3.0867,3.2765,3.0804,3.6308,3.1445,3.1811,3.098,-1,-1,-1,-1,-1,-1,-1,-1,-1,-1
153,3.1057,3.2441,-1,3.0872,3.2765,3.0835,3.6402,3.1457,3.1811,3.0985,-1,-1,-1,-1,-1,-1,-1,-1,-1,-1
154,3.1073,3.2472,-1,3.0872,3.2765,3.0846,3.6478,3.1457,3.1811,3.0996,-1,-1,-1,-1,-1,-1,-1,-1,-1,-1
155,3.1079,3.2487,-1,3.0883,3.2765,3.0851,3.6517,3.1469,3.1838,3.0996,-1,-1,-1,-1,-1,-1,-1,-1,-1,-1
156,3.1085,3.2495,-1,3.0904,3.2765,3.0862,3.6576,3.1518,3.1838,3.1018,-1,-1,-1,-1,-1,-1,-1,-1,-1,-1
157,3.109,3.251,-1,3.0904,3.2765,3.0862,3.6596,3.1518,3.1838,3.1018,-1,-1,-1,-1,-1,-1,-1,-1,-1,-1
158,3.1101,3.2518,-1,3.0926,3.2765,3.0867,3.6635,3.153,3.1844,3.1018,-1,-1,-1,-1,-1,-1,-1,-1,-1,-1
159,3.1107,3.2518,-1,3.0926,3.2798,3.0872,3.6696,3.153,3.1858,3.1024,-1,-1,-1,-1,-1,-1,-1,-1,-1,-1
160,3.1135,3.2534,-1,3.0931,3.2848,3.0883,3.6799,3.1537,3.1871,3.1024,-1,-1,-1,-1,-1,-1,-1,-1,-1,-1
161,3.1146,3.2549,-1,3.0947,3.2848,3.0888,3.6819,3.1537,3.1898,3.104,-1,-1,-1,-1,-1,-1,-1,-1,-1,-1
162,3.1152,3.2604,-1,3.0947,3.2857,3.0888,3.6861,3.1537,3.1904,3.1046,-1,-1,-1,-1,-1,-1,-1,-1,-1,-1
163,3.1158,3.2612,-1,3.0947,3.2857,3.0899,3.7033,3.1537,3.1918,3.1057,-1,-1,-1,-1,-1,-1,-1,-1,-1,-1
164,3.1163,3.2636,-1,3.0947,3.2907,3.0904,3.7144,3.1555,3.1925,3.1062,-1,-1,-1,-1,-1,-1,-1,-1,-1,-1
165,3.1163,3.2636,-1,3.0953,3.3002,3.0915,3.719,3.1555,3.1938,3.1085,-1,-1,-1,-1,-1,-1,-1,-1,-1,-1
166,3.1163,3.2652,-1,3.098,3.3002,3.0926,3.7235,3.1555,3.1945,3.1085,-1,-1,-1,-1,-1,-1,-1,-1,-1,-1
167,3.1175,3.266,-1,3.0996,3.301,3.0937,3.7235,3.1568,3.1952,3.109,-1,-1,-1,-1,-1,-1,-1,-1,-1,-1
168,3.1175,3.2676,-1,3.1002,3.3028,3.0937,3.7235,3.158,3.1972,3.1107,-1,-1,-1,-1,-1,-1,-1,-1,-1,-1
169,3.118,3.2725,-1,3.1002,3.317,3.0937,3.7235,3.1599,3.2007,3.1113,-1,-1,-1,-1,-1,-1,-1,-1,-1,-1
170,3.1186,3.2749,-1,3.1024,3.3179,3.0942,3.7282,3.1605,3.2007,3.1113,-1,-1,-1,-1,-1,-1,-1,-1,-1,-1
171,3.1198,3.2782,-1,3.1024,3.3233,3.0953,3.7282,3.1605,3.202,3.1113,-1,-1,-1,-1,-1,-1,-1,-1,-1,-1
172,3.1198,3.2782,-1,3.1035,3.3251,3.0953,3.7282,3.1605,3.2034,3.1118,-1,-1,-1,-1,-1,-1,-1,-1,-1,-1
173,3.1203,3.279,-1,3.104,3.3261,3.0958,3.7352,3.1605,3.2069,3.1118,-1,-1,-1,-1,-1,-1,-1,-1,-1,-1
174,3.1215,3.2857,-1,3.104,3.3298,3.0969,3.7496,3.1624,3.2076,3.1118,-1,-1,-1,-1,-1,-1,-1,-1,-1,-1
175,3.1221,3.2857,-1,3.1051,3.3316,3.0975,3.757,3.1637,3.209,3.1124,-1,-1,-1,-1,-1,-1,-1,-1,-1,-1
176,3.1232,3.2857,-1,3.1062,3.3335,3.098,3.7773,3.1637,3.209,3.1135,-1,-1,-1,-1,-1,-1,-1,-1,-1,-1
177,3.1238,3.2916,-1,3.1079,3.3354,3.0991,3.7905,3.1649,3.2104,3.1135,-1,-1,-1,-1,-1,-1,-1,-1,-1,-1
178,3.1249,3.2933,-1,3.1085,3.3391,3.0991,3.7932,3.1675,3.2111,3.1141,-1,-1,-1,-1,-1,-1,-1,-1,-1,-1
179,3.1267,3.2933,-1,3.109,3.341,3.0996,3.8097,3.1713,3.2118,3.1141,-1,-1,-1,-1,-1,-1,-1,-1,-1,-1
180,3.1267,3.2933,-1,3.1107,3.342,3.1002,3.8153,3.172,3.2168,3.1146,-1,-1,-1,-1,-1,-1,-1,-1,-1,-1
181,3.1267,3.2941,-1,3.1107,3.3468,3.1002,3.8268,3.1739,3.2168,3.1146,-1,-1,-1,-1,-1,-1,-1,-1,-1,-1
182,3.1267,3.2984,-1,3.1113,3.3478,3.1018,3.8386,3.1785,3.2168,3.1158,-1,-1,-1,-1,-1,-1,-1,-1,-1,-1
183,3.1273,3.3019,-1,3.1113,3.3478,3.1024,3.8447,3.1791,3.2168,3.118,-1,-1,-1,-1,-1,-1,-1,-1,-1,-1
184,3.1273,3.3028,-1,3.1118,3.3536,3.1046,3.8508,3.1811,3.2168,3.118,-1,-1,-1,-1,-1,-1,-1,-1,-1,-1
185,3.1273,3.3036,-1,3.1118,3.3546,3.1051,3.8633,3.1818,3.2168,3.1198,-1,-1,-1,-1,-1,-1,-1,-1,-1,-1
186,3.1284,3.3063,-1,3.1141,3.3556,3.1051,3.9172,3.1818,3.2168,3.1198,-1,-1,-1,-1,-1,-1,-1,-1,-1,-1
187,3.129,3.3072,-1,3.1158,3.3625,3.1057,3.9172,3.1831,3.2182,3.1226,-1,-1,-1,-1,-1,-1,-1,-1,-1,-1
188,3.1296,3.3072,-1,3.1163,3.3635,3.1062,3.9508,3.1831,3.2182,3.1226,-1,-1,-1,-1,-1,-1,-1,-1,-1,-1
189,3.1308,3.3089,-1,3.1163,3.3686,3.1062,3.9788,3.1838,3.2182,3.1232,-1,-1,-1,-1,-1,-1,-1,-1,-1,-1
190,3.1308,3.3098,-1,3.1186,3.3809,3.1062,3.9957,3.1838,3.2211,3.1238,-1,-1,-1,-1,-1,-1,-1,-1,-1,-1
191,3.1308,3.3152,-1,3.1198,3.3809,3.1073,4.0462,3.1844,3.2218,3.1255,-1,-1,-1,-1,-1,-1,-1,-1,-1,-1
192,3.1337,3.3206,-1,3.1198,3.384,3.1079,4.054,3.1864,3.2233,3.129,-1,-1,-1,-1,-1,-1,-1,-1,-1,-1
193,3.1343,3.3233,-1,3.1215,3.3851,3.1085,4.1002,3.1864,3.2233,3.1296,-1,-1,-1,-1,-1,-1,-1,-1,-1,-1
194,3.1349,3.3233,-1,3.1221,3.399,3.1085,4.1355,3.1891,3.2248,3.1296,-1,-1,-1,-1,-1,-1,-1,-1,-1,-1
195,3.1355,3.3279,-1,3.1226,3.4001,3.1085,4.1518,3.1904,3.2248,3.1302,-1,-1,-1,-1,-1,-1,-1,-1,-1,-1
196,3.1355,3.3316,-1,3.1238,3.4012,3.109,4.1599,3.1918,3.2248,3.1337,-1,-1,-1,-1,-1,-1,-1,-1,-1,-1
197,3.1391,3.3344,-1,3.1249,3.4023,3.1096,4.1811,3.1931,3.2255,3.1355,-1,-1,-1,-1,-1,-1,-1,-1,-1,-1
198,3.1391,3.3391,-1,3.1267,3.4034,3.1107,4.2104,3.1959,3.2262,3.1361,-1,-1,-1,-1,-1,-1,-1,-1,-1,-1
199,3.1397,3.3391,-1,3.1273,3.4056,3.1113,4.2503,3.1979,3.2269,3.1373,-1,-1,-1,-1,-1,-1,-1,-1,-1,-1
200,3.1397,3.3391,-1,3.1273,3.4067,3.1113,4.2596,3.1986,3.2291,3.1373,-1,-1,-1,-1,-1,-1,-1,-1,-1,-1
201,3.1397,3.342,-1,3.1284,3.4101,3.1135,4.2823,3.1986,3.2306,3.1373,-1,-1,-1,-1,-1,-1,-1,-1,-1,-1
202,3.1397,3.3429,-1,3.1296,3.4157,3.1135,4.2865,3.1986,3.2306,3.1391,-1,-1,-1,-1,-1,-1,-1,-1,-1,-1
203,3.1397,3.3439,-1,3.1296,3.4168,3.1146,4.3279,3.1993,3.2321,3.1391,-1,-1,-1,-1,-1,-1,-1,-1,-1,-1
204,3.1397,3.3478,-1,3.1314,3.4202,3.1146,4.3516,3.2013,3.2336,3.1397,-1,-1,-1,-1,-1,-1,-1,-1,-1,-1
205,3.1403,3.3565,-1,3.1319,3.4283,3.1163,4.3615,3.202,3.2366,3.1403,-1,-1,-1,-1,-1,-1,-1,-1,-1,-1
206,3.1409,3.3575,-1,3.1319,3.4283,3.1163,4.4123,3.2041,3.2381,3.1403,-1,-1,-1,-1,-1,-1,-1,-1,-1,-1
207,3.1415,3.3605,-1,3.1331,3.4295,3.1169,4.5686,3.2055,3.2381,3.1403,-1,-1,-1,-1,-1,-1,-1,-1,-1,-1
208,3.1433,3.3686,-1,3.1337,3.4306,3.118,4.7496,3.2076,3.2396,3.1415,-1,-1,-1,-1,-1,-1,-1,-1,-1,-1
209,3.1445,3.3696,-1,3.1343,3.4401,3.1186,4.9666,3.2097,3.2396,3.1421,-1,-1,-1,-1,-1,-1,-1,-1,-1,-1
210,3.1451,3.3706,-1,3.1343,3.4498,3.1186,-1,3.2097,3.2411,3.1421,-1,-1,-1,-1,-1,-1,-1,-1,-1,-1
211,3.1457,3.3799,-1,3.1343,3.451,3.1186,-1,3.2104,3.2434,3.1439,-1,-1,-1,-1,-1,-1,-1,-1,-1,-1
212,3.1457,3.3809,-1,3.1349,3.4572,3.1198,-1,3.2111,3.2457,3.1445,-1,-1,-1,-1,-1,-1,-1,-1,-1,-1
213,3.1457,3.3809,-1,3.1373,3.4572,3.1203,-1,3.2111,3.2472,3.1445,-1,-1,-1,-1,-1,-1,-1,-1,-1,-1
214,3.1463,3.3893,-1,3.1379,3.4597,3.1221,-1,3.2118,3.2472,3.1457,-1,-1,-1,-1,-1,-1,-1,-1,-1,-1
215,3.1475,3.3936,-1,3.1397,3.4622,3.1226,-1,3.2147,3.251,3.1469,-1,-1,-1,-1,-1,-1,-1,-1,-1,-1
216,3.1487,3.3936,-1,3.1403,3.4634,3.1232,-1,3.2147,3.2518,3.1475,-1,-1,-1,-1,-1,-1,-1,-1,-1,-1
217,3.15,3.399,-1,3.1403,3.4647,3.1232,-1,3.2154,3.2518,3.1481,-1,-1,-1,-1,-1,-1,-1,-1,-1,-1
218,3.15,3.4001,-1,3.1415,3.4685,3.1232,-1,3.2168,3.2526,3.1487,-1,-1,-1,-1,-1,-1,-1,-1,-1,-1
219,3.1518,3.4001,-1,3.1415,3.4724,3.1244,-1,3.2175,3.2565,3.15,-1,-1,-1,-1,-1,-1,-1,-1,-1,-1
220,3.1518,3.4012,-1,3.1433,3.4763,3.1244,-1,3.2175,3.2565,3.1512,-1,-1,-1,-1,-1,-1,-1,-1,-1,-1
221,3.1518,3.4012,-1,3.1433,3.4802,3.1249,-1,3.2175,3.2573,3.1512,-1,-1,-1,-1,-1,-1,-1,-1,-1,-1
222,3.1518,3.4023,-1,3.1439,3.4908,3.1249,-1,3.2182,3.2588,3.1512,-1,-1,-1,-1,-1,-1,-1,-1,-1,-1
223,3.1518,3.4023,-1,3.1451,3.4908,3.1255,-1,3.219,3.2588,3.1518,-1,-1,-1,-1,-1,-1,-1,-1,-1,-1
224,3.1518,3.4023,-1,3.1457,3.4908,3.1261,-1,3.219,3.2596,3.1518,-1,-1,-1,-1,-1,-1,-1,-1,-1,-1
225,3.1518,3.4045,-1,3.1457,3.4962,3.1261,-1,3.2204,3.2612,3.1518,-1,-1,-1,-1,-1,-1,-1,-1,-1,-1
226,3.153,3.4078,-1,3.1457,3.4976,3.1267,-1,3.2218,3.2612,3.1518,-1,-1,-1,-1,-1,-1,-1,-1,-1,-1
227,3.1543,3.4112,-1,3.1463,3.5186,3.1273,-1,3.2218,3.262,3.1518,-1,-1,-1,-1,-1,-1,-1,-1,-1,-1
228,3.1549,3.4112,-1,3.1469,3.5302,3.1284,-1,3.2218,3.2628,3.1518,-1,-1,-1,-1,-1,-1,-1,-1,-1,-1
229,3.1549,3.4157,-1,3.1475,3.5302,3.1284,-1,3.2226,3.2652,3.1518,-1,-1,-1,-1,-1,-1,-1,-1,-1,-1
230,3.1549,3.4191,-1,3.1481,3.5346,3.129,-1,3.2226,3.2652,3.1518,-1,-1,-1,-1,-1,-1,-1,-1,-1,-1
231,3.158,3.4191,-1,3.1494,3.5452,3.129,-1,3.2269,3.2708,3.1518,-1,-1,-1,-1,-1,-1,-1,-1,-1,-1
232,3.158,3.4225,-1,3.1494,3.5591,3.129,-1,3.2284,3.2725,3.1524,-1,-1,-1,-1,-1,-1,-1,-1,-1,-1
233,3.1593,3.4283,-1,3.1512,3.5607,3.1296,-1,3.2284,3.2741,3.153,-1,-1,-1,-1,-1,-1,-1,-1,-1,-1
234,3.1593,3.4283,-1,3.1512,3.5638,3.1296,-1,3.2291,3.2749,3.1543,-1,-1,-1,-1,-1,-1,-1,-1,-1,-1
235,3.1605,3.4318,-1,3.1518,3.567,3.1319,-1,3.2314,3.2757,3.1549,-1,-1,-1,-1,-1,-1,-1,-1,-1,-1
236,3.1605,3.4353,-1,3.1518,3.5702,3.1325,-1,3.2336,3.2757,3.1549,-1,-1,-1,-1,-1,-1,-1,-1,-1,-1
237,3.1612,3.4365,-1,3.1524,3.5702,3.1325,-1,3.2366,3.2774,3.1561,-1,-1,-1,-1,-1,-1,-1,-1,-1,-1
238,3.163,3.4377,-1,3.153,3.5834,3.1331,-1,3.2366,3.2807,3.1586,-1,-1,-1,-1,-1,-1,-1,-1,-1,-1
239,3.163,3.4377,-1,3.1537,3.585,3.1343,-1,3.2381,3.2815,3.1599,-1,-1,-1,-1,-1,-1,-1,-1,-1,-1
240,3.1637,3.4401,-1,3.1549,3.5918,3.1349,-1,3.2381,3.2823,3.1612,-1,-1,-1,-1,-1,-1,-1,-1,-1,-1
241,3.1637,3.4401,-1,3.1555,3.6003,3.1367,-1,3.2381,3.2857,3.1612,-1,-1,-1,-1,-1,-1,-1,-1,-1,-1
242,3.1643,3.4449,-1,3.158,3.6003,3.1391,-1,3.2388,3.2874,3.1612,-1,-1,-1,-1,-1,-1,-1,-1,-1,-1
243,3.1643,3.4461,-1,3.1586,3.6038,3.1397,-1,3.2418,3.289,3.1612,-1,-1,-1,-1,-1,-1,-1,-1,-1,-1
244,3.1643,3.451,-1,3.1599,3.6038,3.1403,-1,3.2426,3.2907,3.1618,-1,-1,-1,-1,-1,-1,-1,-1,-1,-1
245,3.1649,3.4535,-1,3.1605,3.6144,3.1421,-1,3.2441,3.2907,3.163,-1,-1,-1,-1,-1,-1,-1,-1,-1,-1
246,3.1649,3.4584,-1,3.1605,3.6144,3.1427,-1,3.2457,3.2907,3.1637,-1,-1,-1,-1,-1,-1,-1,-1,-1,-1
247,3.1656,3.4584,-1,3.1605,3.618,3.1433,-1,3.2457,3.2907,3.1643,-1,-1,-1,-1,-1,-1,-1,-1,-1,-1
248,3.1656,3.4609,-1,3.163,3.6216,3.1433,-1,3.2457,3.2907,3.1656,-1,-1,-1,-1,-1,-1,-1,-1,-1,-1
249,3.1662,3.4622,-1,3.1637,3.6216,3.1439,-1,3.2464,3.2916,3.1662,-1,-1,-1,-1,-1,-1,-1,-1,-1,-1
250,3.1669,3.4634,-1,3.1649,3.6308,3.1445,-1,3.248,3.2916,3.1669,-1,-1,-1,-1,-1,-1,-1,-1,-1,-1
251,3.1675,3.4698,-1,3.1649,3.6326,3.1445,-1,3.2495,3.295,3.1669,-1,-1,-1,-1,-1,-1,-1,-1,-1,-1
252,3.1675,3.4789,-1,3.1656,3.6364,3.1451,-1,3.2495,3.295,3.1675,-1,-1,-1,-1,-1,-1,-1,-1,-1,-1
253,3.1681,3.4868,-1,3.1669,3.6421,3.1457,-1,3.2534,3.2976,3.1675,-1,-1,-1,-1,-1,-1,-1,-1,-1,-1
254,3.1681,3.4908,-1,3.1669,3.6498,3.1457,-1,3.2534,3.2993,3.1675,-1,-1,-1,-1,-1,-1,-1,-1,-1,-1
255,3.1681,3.4962,-1,3.1669,3.6517,3.1463,-1,3.2534,3.3002,3.1688,-1,-1,-1,-1,-1,-1,-1,-1,-1,-1
256,3.1694,3.5017,-1,3.1675,3.6556,3.1463,-1,3.2541,3.3019,3.1694,-1,-1,-1,-1,-1,-1,-1,-1,-1,-1
257,3.1701,3.5058,-1,3.1713,3.6615,3.15,-1,3.2573,3.3028,3.1694,-1,-1,-1,-1,-1,-1,-1,-1,-1,-1
258,3.1707,3.5058,-1,3.172,3.6635,3.1506,-1,3.2573,3.3028,3.1701,-1,-1,-1,-1,-1,-1,-1,-1,-1,-1
259,3.1707,3.51,-1,3.1726,3.6676,3.1506,-1,3.2581,3.3045,3.1707,-1,-1,-1,-1,-1,-1,-1,-1,-1,-1
260,3.172,3.51,-1,3.1726,3.6819,3.1506,-1,3.2612,3.3054,3.1707,-1,-1,-1,-1,-1,-1,-1,-1,-1,-1
261,3.1726,3.5129,-1,3.1752,3.684,3.1512,-1,3.2612,3.3054,3.1707,-1,-1,-1,-1,-1,-1,-1,-1,-1,-1
262,3.1733,3.5143,-1,3.1759,3.6861,3.1512,-1,3.2644,3.3089,3.1707,-1,-1,-1,-1,-1,-1,-1,-1,-1,-1
263,3.1746,3.5171,-1,3.1759,3.7011,3.1518,-1,3.266,3.3125,3.1733,-1,-1,-1,-1,-1,-1,-1,-1,-1,-1
264,3.1772,3.5214,-1,3.1765,3.7122,3.1518,-1,3.2676,3.3125,3.1739,-1,-1,-1,-1,-1,-1,-1,-1,-1,-1
265,3.1772,3.5258,-1,3.1772,3.7212,3.1518,-1,3.2708,3.3125,3.1746,-1,-1,-1,-1,-1,-1,-1,-1,-1,-1
266,3.1778,3.5258,-1,3.1778,3.7328,3.1518,-1,3.2708,3.3125,3.1746,-1,-1,-1,-1,-1,-1,-1,-1,-1,-1
267,3.1791,3.5406,-1,3.1778,3.7375,3.1524,-1,3.2716,3.3134,3.1759,-1,-1,-1,-1,-1,-1,-1,-1,-1,-1
268,3.1811,3.5482,-1,3.1798,3.7375,3.1543,-1,3.2716,3.3134,3.1759,-1,-1,-1,-1,-1,-1,-1,-1,-1,-1
269,3.1818,3.5482,-1,3.1805,3.7399,3.1543,-1,3.2733,3.3179,3.1759,-1,-1,-1,-1,-1,-1,-1,-1,-1,-1
270,3.1818,3.5513,-1,3.1818,3.7399,3.1561,-1,3.2733,3.3179,3.1759,-1,-1,-1,-1,-1,-1,-1,-1,-1,-1
271,3.1824,3.5513,-1,3.1831,3.7447,3.158,-1,3.2749,3.3242,3.1765,-1,-1,-1,-1,-1,-1,-1,-1,-1,-1
272,3.1838,3.556,-1,3.1864,3.7496,3.158,-1,3.2749,3.3242,3.1765,-1,-1,-1,-1,-1,-1,-1,-1,-1,-1
273,3.1838,3.5607,-1,3.1871,3.752,3.158,-1,3.2765,3.3261,3.1772,-1,-1,-1,-1,-1,-1,-1,-1,-1,-1
274,3.1871,3.5622,-1,3.1898,3.7545,3.1599,-1,3.2807,3.3261,3.1772,-1,-1,-1,-1,-1,-1,-1,-1,-1,-1
275,3.1878,3.5719,-1,3.1898,3.7595,3.1599,-1,3.2815,3.3354,3.1778,-1,-1,-1,-1,-1,-1,-1,-1,-1,-1
276,3.1878,3.5735,-1,3.1918,3.762,3.1599,-1,3.2823,3.3363,3.1785,-1,-1,-1,-1,-1,-1,-1,-1,-1,-1
277,3.1878,3.58,-1,3.1925,3.762,3.1605,-1,3.2832,3.3372,3.1791,-1,-1,-1,-1,-1,-1,-1,-1,-1,-1
278,3.1898,3.585,-1,3.1931,3.7645,3.1612,-1,3.2874,3.3429,3.1791,-1,-1,-1,-1,-1,-1,-1,-1,-1,-1
279,3.1898,3.5952,-1,3.1931,3.7799,3.1612,-1,3.2882,3.3458,3.1805,-1,-1,-1,-1,-1,-1,-1,-1,-1,-1
280,3.1904,3.5986,-1,3.1938,3.7825,3.163,-1,3.2882,3.3458,3.1811,-1,-1,-1,-1,-1,-1,-1,-1,-1,-1
281,3.1904,3.6055,-1,3.1938,3.7825,3.1637,-1,3.289,3.3478,3.1824,-1,-1,-1,-1,-1,-1,-1,-1,-1,-1
282,3.1938,3.6073,-1,3.1938,3.7878,3.1637,-1,3.289,3.3487,3.1831,-1,-1,-1,-1,-1,-1,-1,-1,-1,-1
283,3.1952,3.6108,-1,3.1938,3.8013,3.1643,-1,3.2899,3.3487,3.1838,-1,-1,-1,-1,-1,-1,-1,-1,-1,-1
284,3.1959,3.6162,-1,3.1959,3.8069,3.1649,-1,3.2907,3.3507,3.1851,-1,-1,-1,-1,-1,-1,-1,-1,-1,-1
285,3.1986,3.6162,-1,3.1959,3.8069,3.1669,-1,3.2916,3.3507,3.1858,-1,-1,-1,-1,-1,-1,-1,-1,-1,-1
286,3.1993,3.6253,-1,3.1959,3.8097,3.1675,-1,3.2916,3.3526,3.1884,-1,-1,-1,-1,-1,-1,-1,-1,-1,-1
287,3.1993,3.6289,-1,3.1965,3.8239,3.1681,-1,3.2941,3.3565,3.1898,-1,-1,-1,-1,-1,-1,-1,-1,-1,-1
288,3.1993,3.6289,-1,3.1972,3.8239,3.1688,-1,3.2984,3.3575,3.1898,-1,-1,-1,-1,-1,-1,-1,-1,-1,-1
289,3.2,3.6383,-1,3.2007,3.8297,3.1688,-1,3.2993,3.3595,3.1898,-1,-1,-1,-1,-1,-1,-1,-1,-1,-1
290,3.2007,3.6459,-1,3.2013,3.8416,3.1701,-1,3.3002,3.3595,3.1904,-1,-1,-1,-1,-1,-1,-1,-1,-1,-1
291,3.2034,3.6517,-1,3.2013,3.8477,3.1701,-1,3.301,3.3605,3.1904,-1,-1,-1,-1,-1,-1,-1,-1,-1,-1
292,3.2048,3.6556,-1,3.202,3.8665,3.1707,-1,3.3045,3.3605,3.1925,-1,-1,-1,-1,-1,-1,-1,-1,-1,-1
293,3.2083,3.6576,-1,3.202,3.8729,3.1707,-1,3.3089,3.3625,3.1931,-1,-1,-1,-1,-1,-1,-1,-1,-1,-1
294,3.2097,3.6576,-1,3.2027,3.9066,3.1707,-1,3.3098,3.3625,3.1952,-1,-1,-1,-1,-1,-1,-1,-1,-1,-1
295,3.2111,3.6615,-1,3.2027,3.9066,3.172,-1,3.3098,3.3645,3.1952,-1,-1,-1,-1,-1,-1,-1,-1,-1,-1
296,3.2118,3.6635,-1,3.2027,3.9066,3.172,-1,3.3116,3.3665,3.1952,-1,-1,-1,-1,-1,-1,-1,-1,-1,-1
297,3.2125,3.6757,-1,3.2048,3.9066,3.1726,-1,3.3116,3.3665,3.1959,-1,-1,-1,-1,-1,-1,-1,-1,-1,-1
298,3.214,3.6757,-1,3.2055,3.9101,3.1739,-1,3.3125,3.3686,3.1965,-1,-1,-1,-1,-1,-1,-1,-1,-1,-1
299,3.2168,3.6799,-1,3.2062,3.9101,3.1752,-1,3.3125,3.3716,3.1979,-1,-1,-1,-1,-1,-1,-1,-1,-1,-1
300,3.2182,3.6904,-1,3.2076,3.9101,3.1759,-1,3.3125,3.3726,3.1979,-1,-1,-1,-1,-1,-1,-1,-1,-1,-1
301,3.2182,3.6946,-1,3.209,3.9172,3.1765,-1,3.3125,3.3757,3.1986,-1,-1,-1,-1,-1,-1,-1,-1,-1,-1
302,3.2182,3.699,-1,3.2104,3.9208,3.1791,-1,3.3143,3.3778,3.2,-1,-1,-1,-1,-1,-1,-1,-1,-1,-1
303,3.219,3.699,-1,3.2111,3.9393,3.1791,-1,3.3179,3.3809,3.2013,-1,-1,-1,-1,-1,-1,-1,-1,-1,-1
304,3.219,3.7122,-1,3.2111,3.9666,3.1791,-1,3.3206,3.3862,3.202,-1,-1,-1,-1,-1,-1,-1,-1,-1,-1
305,3.2204,3.7167,-1,3.2111,4.0044,3.1798,-1,3.3233,3.3862,3.202,-1,-1,-1,-1,-1,-1,-1,-1,-1,-1
306,3.2218,3.719,-1,3.2118,4.0088,3.1798,-1,3.3233,3.3872,3.202,-1,-1,-1,-1,-1,-1,-1,-1,-1,-1
307,3.2218,3.719,-1,3.2118,4.0088,3.1798,-1,3.3242,3.3925,3.2034,-1,-1,-1,-1,-1,-1,-1,-1,-1,-1
308,3.2226,3.719,-1,3.2132,4.0088,3.1838,-1,3.3242,3.3936,3.2055,-1,-1,-1,-1,-1,-1,-1,-1,-1,-1
309,3.2233,3.7212,-1,3.2147,4.0283,3.1844,-1,3.3261,3.3947,3.2076,-1,-1,-1,-1,-1,-1,-1,-1,-1,-1
310,3.224,3.7235,-1,3.2147,4.0367,3.1851,-1,3.3261,3.4045,3.2076,-1,-1,-1,-1,-1,-1,-1,-1,-1,-1
311,3.2248,3.7235,-1,3.2154,4.0531,3.1851,-1,3.327,3.4056,3.2097,-1,-1,-1,-1,-1,-1,-1,-1,-1,-1
312,3.2255,3.7328,-1,3.2161,4.0565,3.1898,-1,3.3298,3.4056,3.2097,-1,-1,-1,-1,-1,-1,-1,-1,-1,-1
313,3.2284,3.7352,-1,3.2168,4.062,3.1904,-1,3.3307,3.4067,3.2111,-1,-1,-1,-1,-1,-1,-1,-1,-1,-1
314,3.2306,3.7375,-1,3.2182,4.0747,3.1904,-1,3.3316,3.4078,3.2118,-1,-1,-1,-1,-1,-1,-1,-1,-1,-1
315,3.2306,3.7471,-1,3.2182,4.0747,3.1904,-1,3.3316,3.4089,3.2125,-1,-1,-1,-1,-1,-1,-1,-1,-1,-1
316,3.2306,3.752,-1,3.2197,4.0851,3.1904,-1,3.3316,3.4101,3.2132,-1,-1,-1,-1,-1,-1,-1,-1,-1,-1
317,3.2328,3.7696,-1,3.2197,4.0915,3.1904,-1,3.3325,3.4101,3.2132,-1,-1,-1,-1,-1,-1,-1,-1,-1,-1
318,3.2351,3.8125,-1,3.2218,4.0958,3.1918,-1,3.3363,3.4101,3.2132,-1,-1,-1,-1,-1,-1,-1,-1,-1,-1
319,3.2351,3.8297,-1,3.2218,4.1002,3.1931,-1,3.3401,3.4123,3.214,-1,-1,-1,-1,-1,-1,-1,-1,-1,-1
320,3.2366,3.8386,-1,3.2218,4.1062,3.1945,-1,3.342,3.4157,3.2154,-1,-1,-1,-1,-1,-1,-1,-1,-1,-1
321,3.2366,3.857,-1,3.2218,4.1249,3.1979,-1,3.3429,3.4191,3.2168,-1,-1,-1,-1,-1,-1,-1,-1,-1,-1
322,3.2381,3.8665,-1,3.2226,4.1249,3.1979,-1,3.3458,3.4214,3.2204,-1,-1,-1,-1,-1,-1,-1,-1,-1,-1
323,3.2396,3.8861,-1,3.224,4.1391,3.1979,-1,3.3487,3.4225,3.2211,-1,-1,-1,-1,-1,-1,-1,-1,-1,-1
324,3.2403,3.8928,-1,3.2248,4.1415,3.1986,-1,3.3497,3.426,3.2218,-1,-1,-1,-1,-1,-1,-1,-1,-1,-1
325,3.2411,3.9031,-1,3.2248,4.1512,3.1993,-1,3.3507,3.4271,3.2218,-1,-1,-1,-1,-1,-1,-1,-1,-1,-1
326,3.2418,3.9208,-1,3.2248,4.1694,3.2007,-1,3.3536,3.4283,3.2218,-1,-1,-1,-1,-1,-1,-1,-1,-1,-1
327,3.2418,3.9355,-1,3.2262,4.2055,3.2013,-1,3.3625,3.4295,3.224,-1,-1,-1,-1,-1,-1,-1,-1,-1,-1
328,3.2434,3.9547,-1,3.2262,4.209,3.2013,-1,3.3625,3.4377,3.224,-1,-1,-1,-1,-1,-1,-1,-1,-1,-1
329,3.2441,3.9666,-1,3.2269,4.2168,3.2013,-1,3.3635,3.4401,3.2255,-1,-1,-1,-1,-1,-1,-1,-1,-1,-1
330,3.2441,3.9666,-1,3.2277,4.2197,3.202,-1,3.3675,3.4401,3.2255,-1,-1,-1,-1,-1,-1,-1,-1,-1,-1
331,3.2449,3.9706,-1,3.2284,4.2211,3.202,-1,3.3675,3.4401,3.2262,-1,-1,-1,-1,-1,-1,-1,-1,-1,-1
332,3.2449,3.9788,-1,3.2284,4.2314,3.202,-1,3.3675,3.4401,3.2262,-1,-1,-1,-1,-1,-1,-1,-1,-1,-1
333,3.2457,3.9788,-1,3.2291,4.2314,3.202,-1,3.3686,3.4461,3.2262,-1,-1,-1,-1,-1,-1,-1,-1,-1,-1
334,3.248,3.9788,-1,3.2299,4.2328,3.2027,-1,3.3686,3.4461,3.2262,-1,-1,-1,-1,-1,-1,-1,-1,-1,-1
335,3.248,4.0026,-1,3.2299,4.2381,3.2034,-1,3.3706,3.4535,3.2269,-1,-1,-1,-1,-1,-1,-1,-1,-1,-1
336,3.2526,4.0241,-1,3.2306,4.2449,3.2034,-1,3.3726,3.4559,3.2284,-1,-1,-1,-1,-1,-1,-1,-1,-1,-1
337,3.2526,4.0462,-1,3.2314,4.2774,3.2034,-1,3.3747,3.4584,3.2306,-1,-1,-1,-1,-1,-1,-1,-1,-1,-1
338,3.2526,4.082,-1,3.2328,4.3152,3.2062,-1,3.3757,3.4609,3.2321,-1,-1,-1,-1,-1,-1,-1,-1,-1,-1
339,3.2534,4.0996,-1,3.2336,4.3206,3.2076,-1,3.3768,3.4685,3.2328,-1,-1,-1,-1,-1,-1,-1,-1,-1,-1
340,3.2534,4.1203,-1,3.2336,4.3344,3.2097,-1,3.3778,3.4711,3.2336,-1,-1,-1,-1,-1,-1,-1,-1,-1,-1
341,3.2549,4.1475,-1,3.2351,4.3768,3.2097,-1,3.3788,3.475,3.2351,-1,-1,-1,-1,-1,-1,-1,-1,-1,-1
342,3.2549,4.153,-1,3.2366,4.4045,3.2104,-1,3.3788,3.475,3.2351,-1,-1,-1,-1,-1,-1,-1,-1,-1,-1
343,3.2557,4.1599,-1,3.2396,4.4191,3.2104,-1,3.382,3.475,3.2358,-1,-1,-1,-1,-1,-1,-1,-1,-1,-1
344,3.2581,4.1713,-1,3.2396,4.4425,3.2104,-1,3.384,3.4789,3.2358,-1,-1,-1,-1,-1,-1,-1,-1,-1,-1
345,3.2581,4.2396,-1,3.2396,4.4498,3.2104,-1,3.3851,3.4789,3.2366,-1,-1,-1,-1,-1,-1,-1,-1,-1,-1
346,3.2596,4.2403,-1,3.2411,4.5017,3.2125,-1,3.3851,3.4828,3.2373,-1,-1,-1,-1,-1,-1,-1,-1,-1,-1
347,3.2612,4.3487,-1,3.2426,4.5017,3.2132,-1,3.3872,3.4828,3.2381,-1,-1,-1,-1,-1,-1,-1,-1,-1,-1
348,3.2612,4.3883,-1,3.2434,4.5638,3.2132,-1,3.3893,3.4828,3.2388,-1,-1,-1,-1,-1,-1,-1,-1,-1,-1
349,3.2644,4.3883,-1,3.2434,4.6003,3.214,-1,3.3904,3.4841,3.2388,-1,-1,-1,-1,-1,-1,-1,-1,-1,-1
350,3.2644,4.4045,-1,3.2441,4.6253,3.2161,-1,3.3958,3.4855,3.2403,-1,-1,-1,-1,-1,-1,-1,-1,-1,-1
351,3.266,4.4283,-1,3.2457,4.6459,3.2161,-1,3.3969,3.4855,3.2403,-1,-1,-1,-1,-1,-1,-1,-1,-1,-1
352,3.2668,4.4306,-1,3.2464,4.6737,3.2175,-1,3.3969,3.4908,3.2403,-1,-1,-1,-1,-1,-1,-1,-1,-1,-1
353,3.2716,4.4425,-1,3.2472,4.6925,3.2182,-1,3.399,3.4935,3.2426,-1,-1,-1,-1,-1,-1,-1,-1,-1,-1
354,3.2716,4.4895,-1,3.248,4.71,3.2182,-1,3.4001,3.4989,3.2449,-1,-1,-1,-1,-1,-1,-1,-1,-1,-1
355,3.2716,4.4935,-1,3.248,4.7773,3.219,-1,3.4023,3.4989,3.2457,-1,-1,-1,-1,-1,-1,-1,-1,-1,-1
356,3.2716,4.6308,-1,3.2487,4.7959,3.2197,-1,3.4045,3.5031,3.2495,-1,-1,-1,-1,-1,-1,-1,-1,-1,-1
357,3.2733,4.6364,-1,3.2487,4.857,3.2204,-1,3.4101,3.5058,3.2503,-1,-1,-1,-1,-1,-1,-1,-1,-1,-1
358,3.2741,4.7595,-1,3.2495,4.8697,3.2218,-1,3.4123,3.51,3.251,-1,-1,-1,-1,-1,-1,-1,-1,-1,-1
359,3.2757,4.7959,-1,3.2495,4.8729,3.2218,-1,3.4123,3.5186,3.251,-1,-1,-1,-1,-1,-1,-1,-1,-1,-1
360,3.2757,4.8239,-1,3.2503,4.9245,3.2226,-1,3.4123,3.5214,3.2526,-1,-1,-1,-1,-1,-1,-1,-1,-1,-1
361,3.2757,4.9136,-1,3.2503,4.9706,3.2233,-1,3.4145,3.5229,3.2549,-1,-1,-1,-1,-1,-1,-1,-1,-1,-1
362,3.2765,4.9586,-1,3.2503,5.0605,3.2233,-1,3.4145,3.5229,3.2549,-1,-1,-1,-1,-1,-1,-1,-1,-1,-1
363,3.279,5.0386,-1,3.2526,5.1068,3.224,-1,3.4145,3.5243,3.2565,-1,-1,-1,-1,-1,-1,-1,-1,-1,-1
364,3.2815,5.0665,-1,3.2526,5.1487,3.2248,-1,3.4179,3.5302,3.2565,-1,-1,-1,-1,-1,-1,-1,-1,-1,-1
365,3.2823,5.0931,-1,3.2534,5.2933,3.2248,-1,3.4214,3.5331,3.2573,-1,-1,-1,-1,-1,-1,-1,-1,-1,-1
366,3.2848,5.1361,-1,3.2541,5.4318,3.2255,-1,3.4214,3.5406,3.2573,-1,-1,-1,-1,-1,-1,-1,-1,-1,-1
367,3.2848,5.4202,-1,3.2549,6.0799,3.2262,-1,3.4214,3.5406,3.2588,-1,-1,-1,-1,-1,-1,-1,-1,-1,-1
368,3.2857,6.4449,-1,3.2557,6.3665,3.2269,-1,3.4225,3.5436,3.2588,-1,-1,-1,-1,-1,-1,-1,-1,-1,-1
369,3.2857,-1,-1,3.2557,6.4168,3.2269,-1,3.4248,3.5452,3.2596,-1,-1,-1,-1,-1,-1,-1,-1,-1,-1
370,3.2857,-1,-1,3.2557,6.6126,3.2284,-1,3.4248,3.5482,3.2596,-1,-1,-1,-1,-1,-1,-1,-1,-1,-1
371,3.2907,-1,-1,3.2565,7.091,3.2306,-1,3.426,3.5482,3.2612,-1,-1,-1,-1,-1,-1,-1,-1,-1,-1
372,3.2916,-1,-1,3.2581,7.1884,3.2306,-1,3.4271,3.5498,3.2612,-1,-1,-1,-1,-1,-1,-1,-1,-1,-1
373,3.2924,-1,-1,3.2588,7.4437,3.2306,-1,3.4283,3.5513,3.2612,-1,-1,-1,-1,-1,-1,-1,-1,-1,-1
374,3.2924,-1,-1,3.2596,7.5045,3.2306,-1,3.4318,3.5513,3.2628,-1,-1,-1,-1,-1,-1,-1,-1,-1,-1
375,3.2933,-1,-1,3.2604,7.51,3.2321,-1,3.433,3.556,3.2636,-1,-1,-1,-1,-1,-1,-1,-1,-1,-1
376,3.2941,-1,-1,3.2604,7.7235,3.2328,-1,3.433,3.5575,3.2644,-1,-1,-1,-1,-1,-1,-1,-1,-1,-1
377,3.295,-1,-1,3.2604,7.8697,3.2328,-1,3.4353,3.5591,3.2652,-1,-1,-1,-1,-1,-1,-1,-1,-1,-1
378,3.2958,-1,-1,3.2612,7.9355,3.2336,-1,3.4377,3.5607,3.266,-1,-1,-1,-1,-1,-1,-1,-1,-1,-1
379,3.2984,-1,-1,3.2628,8.1831,3.2343,-1,3.4401,3.5654,3.266,-1,-1,-1,-1,-1,-1,-1,-1,-1,-1
380,3.3045,-1,-1,3.2644,8.2182,3.2366,-1,3.4425,3.5654,3.2676,-1,-1,-1,-1,-1,-1,-1,-1,-1,-1
381,3.3072,-1,-1,3.2644,-1,3.2366,-1,3.4425,3.567,3.2708,-1,-1,-1,-1,-1,-1,-1,-1,-1,-1
382,3.3072,-1,-1,3.2652,-1,3.2373,-1,3.4437,3.567,3.2733,-1,-1,-1,-1,-1,-1,-1,-1,-1,-1
383,3.308,-1,-1,3.266,-1,3.2373,-1,3.4461,3.5702,3.2749,-1,-1,-1,-1,-1,-1,-1,-1,-1,-1
384,3.3098,-1,-1,3.266,-1,3.2373,-1,3.4473,3.5702,3.2757,-1,-1,-1,-1,-1,-1,-1,-1,-1,-1
385,3.3098,-1,-1,3.2692,-1,3.2373,-1,3.4473,3.5702,3.2823,-1,-1,-1,-1,-1,-1,-1,-1,-1,-1
386,3.3116,-1,-1,3.2692,-1,3.2381,-1,3.4486,3.5719,3.2848,-1,-1,-1,-1,-1,-1,-1,-1,-1,-1
387,3.3116,-1,-1,3.2692,-1,3.2418,-1,3.4498,3.5751,3.2857,-1,-1,-1,-1,-1,-1,-1,-1,-1,-1
388,3.3125,-1,-1,3.27,-1,3.2426,-1,3.4522,3.5768,3.2857,-1,-1,-1,-1,-1,-1,-1,-1,-1,-1
389,3.3125,-1,-1,3.2725,-1,3.2441,-1,3.4535,3.5784,3.2857,-1,-1,-1,-1,-1,-1,-1,-1,-1,-1
390,3.3134,-1,-1,3.2733,-1,3.2441,-1,3.4609,3.5784,3.2882,-1,-1,-1,-1,-1,-1,-1,-1,-1,-1
391,3.3143,-1,-1,3.2749,-1,3.2449,-1,3.4672,3.5817,3.2882,-1,-1,-1,-1,-1,-1,-1,-1,-1,-1
392,3.3161,-1,-1,3.2749,-1,3.2457,-1,3.4672,3.5834,3.289,-1,-1,-1,-1,-1,-1,-1,-1,-1,-1
393,3.317,-1,-1,3.2757,-1,3.2457,-1,3.4685,3.585,3.2899,-1,-1,-1,-1,-1,-1,-1,-1,-1,-1
394,3.317,-1,-1,3.2757,-1,3.2464,-1,3.4711,3.585,3.2916,-1,-1,-1,-1,-1,-1,-1,-1,-1,-1
395,3.3188,-1,-1,3.2765,-1,3.2472,-1,3.4763,3.585,3.2924,-1,-1,-1,-1,-1,-1,-1,-1,-1,-1
396,3.3197,-1,-1,3.2798,-1,3.2487,-1,3.4802,3.585,3.2941,-1,-1,-1,-1,-1,-1,-1,-1,-1,-1
397,3.3197,-1,-1,3.2807,-1,3.2495,-1,3.4815,3.5867,3.295,-1,-1,-1,-1,-1,-1,-1,-1,-1,-1
398,3.3206,-1,-1,3.2832,-1,3.2503,-1,3.4828,3.5867,3.2976,-1,-1,-1,-1,-1,-1,-1,-1,-1,-1
399,3.3224,-1,-1,3.2848,-1,3.2503,-1,3.4841,3.5918,3.2984,-1,-1,-1,-1,-1,-1,-1,-1,-1,-1
400,3.3233,-1,-1,3.2857,-1,3.251,-1,3.4855,3.6021,3.2984,-1,-1,-1,-1,-1,-1,-1,-1,-1,-1
401,3.3316,-1,-1,3.2857,-1,3.2518,-1,3.4868,3.6021,3.2993,-1,-1,-1,-1,-1,-1,-1,-1,-1,-1
402,3.3325,-1,-1,3.2857,-1,3.2518,-1,3.4868,3.6038,3.2993,-1,-1,-1,-1,-1,-1,-1,-1,-1,-1
403,3.3335,-1,-1,3.2874,-1,3.2518,-1,3.4868,3.6073,3.2993,-1,-1,-1,-1,-1,-1,-1,-1,-1,-1
404,3.3344,-1,-1,3.2882,-1,3.2526,-1,3.4895,3.6108,3.3019,-1,-1,-1,-1,-1,-1,-1,-1,-1,-1
405,3.3344,-1,-1,3.2907,-1,3.2526,-1,3.4908,3.6162,3.3036,-1,-1,-1,-1,-1,-1,-1,-1,-1,-1
406,3.3344,-1,-1,3.2916,-1,3.2534,-1,3.4949,3.6162,3.3036,-1,-1,-1,-1,-1,-1,-1,-1,-1,-1
407,3.3391,-1,-1,3.2924,-1,3.2534,-1,3.4949,3.6216,3.3072,-1,-1,-1,-1,-1,-1,-1,-1,-1,-1
408,3.3391,-1,-1,3.295,-1,3.2534,-1,3.4962,3.6216,3.3072,-1,-1,-1,-1,-1,-1,-1,-1,-1,-1
409,3.341,-1,-1,3.295,-1,3.2549,-1,3.4976,3.6253,3.308,-1,-1,-1,-1,-1,-1,-1,-1,-1,-1
410,3.341,-1,-1,3.295,-1,3.2549,-1,3.4989,3.6271,3.308,-1,-1,-1,-1,-1,-1,-1,-1,-1,-1
411,3.342,-1,-1,3.295,-1,3.2565,-1,3.5003,3.6289,3.3089,-1,-1,-1,-1,-1,-1,-1,-1,-1,-1
412,3.3449,-1,-1,3.2958,-1,3.2573,-1,3.5017,3.6364,3.3089,-1,-1,-1,-1,-1,-1,-1,-1,-1,-1
413,3.3458,-1,-1,3.2958,-1,3.2581,-1,3.5031,3.6383,3.3098,-1,-1,-1,-1,-1,-1,-1,-1,-1,-1
414,3.3468,-1,-1,3.2967,-1,3.2596,-1,3.5058,3.6421,3.3098,-1,-1,-1,-1,-1,-1,-1,-1,-1,-1
415,3.3487,-1,-1,3.2967,-1,3.2596,-1,3.5058,3.6459,3.3107,-1,-1,-1,-1,-1,-1,-1,-1,-1,-1
416,3.3487,-1,-1,3.2976,-1,3.2596,-1,3.5086,3.6556,3.3125,-1,-1,-1,-1,-1,-1,-1,-1,-1,-1
417,3.3497,-1,-1,3.2984,-1,3.2596,-1,3.51,3.6615,3.3125,-1,-1,-1,-1,-1,-1,-1,-1,-1,-1
418,3.3507,-1,-1,3.2993,-1,3.2604,-1,3.5143,3.6635,3.3143,-1,-1,-1,-1,-1,-1,-1,-1,-1,-1
419,3.3516,-1,-1,3.2993,-1,3.2604,-1,3.5143,3.6635,3.3143,-1,-1,-1,-1,-1,-1,-1,-1,-1,-1
420,3.3536,-1,-1,3.3002,-1,3.2612,-1,3.5186,3.6676,3.3152,-1,-1,-1,-1,-1,-1,-1,-1,-1,-1
421,3.3546,-1,-1,3.3002,-1,3.2636,-1,3.5214,3.6696,3.3161,-1,-1,-1,-1,-1,-1,-1,-1,-1,-1
422,3.3575,-1,-1,3.301,-1,3.266,-1,3.5243,3.6696,3.317,-1,-1,-1,-1,-1,-1,-1,-1,-1,-1
423,3.3575,-1,-1,3.3028,-1,3.266,-1,3.5243,3.6757,3.3197,-1,-1,-1,-1,-1,-1,-1,-1,-1,-1
424,3.3585,-1,-1,3.3045,-1,3.2676,-1,3.5287,3.6778,3.3197,-1,-1,-1,-1,-1,-1,-1,-1,-1,-1
425,3.3595,-1,-1,3.3045,-1,3.2725,-1,3.5331,3.6778,3.3206,-1,-1,-1,-1,-1,-1,-1,-1,-1,-1
426,3.3605,-1,-1,3.3045,-1,3.2725,-1,3.5346,3.6778,3.3206,-1,-1,-1,-1,-1,-1,-1,-1,-1,-1
427,3.3605,-1,-1,3.3045,-1,3.2733,-1,3.5376,3.6882,3.3206,-1,-1,-1,-1,-1,-1,-1,-1,-1,-1
428,3.3635,-1,-1,3.3045,-1,3.2741,-1,3.5376,3.6904,3.3224,-1,-1,-1,-1,-1,-1,-1,-1,-1,-1
429,3.3665,-1,-1,3.3063,-1,3.2765,-1,3.5421,3.7033,3.3224,-1,-1,-1,-1,-1,-1,-1,-1,-1,-1
430,3.3665,-1,-1,3.3072,-1,3.2782,-1,3.5421,3.7033,3.3233,-1,-1,-1,-1,-1,-1,-1,-1,-1,-1
431,3.3686,-1,-1,3.3107,-1,3.2782,-1,3.5498,3.7033,3.3242,-1,-1,-1,-1,-1,-1,-1,-1,-1,-1
432,3.3686,-1,-1,3.3116,-1,3.279,-1,3.5528,3.7077,3.3242,-1,-1,-1,-1,-1,-1,-1,-1,-1,-1
433,3.3686,-1,-1,3.3125,-1,3.2807,-1,3.5544,3.7258,3.3242,-1,-1,-1,-1,-1,-1,-1,-1,-1,-1
434,3.3706,-1,-1,3.3125,-1,3.2823,-1,3.5575,3.7375,3.3242,-1,-1,-1,-1,-1,-1,-1,-1,-1,-1
435,3.3716,-1,-1,3.3152,-1,3.2823,-1,3.5591,3.7423,3.3251,-1,-1,-1,-1,-1,-1,-1,-1,-1,-1
436,3.3737,-1,-1,3.3152,-1,3.2823,-1,3.5622,3.752,3.327,-1,-1,-1,-1,-1,-1,-1,-1,-1,-1
437,3.3757,-1,-1,3.3179,-1,3.2832,-1,3.5638,3.752,3.3279,-1,-1,-1,-1,-1,-1,-1,-1,-1,-1
438,3.3768,-1,-1,3.3179,-1,3.2848,-1,3.5719,3.7595,3.3288,-1,-1,-1,-1,-1,-1,-1,-1,-1,-1
439,3.3778,-1,-1,3.3197,-1,3.2848,-1,3.5719,3.762,3.3325,-1,-1,-1,-1,-1,-1,-1,-1,-1,-1
440,3.3799,-1,-1,3.3233,-1,3.2857,-1,3.5834,3.762,3.3325,-1,-1,-1,-1,-1,-1,-1,-1,-1,-1
441,3.3799,-1,-1,3.3251,-1,3.2865,-1,3.585,3.7721,3.3335,-1,-1,-1,-1,-1,-1,-1,-1,-1,-1
442,3.3809,-1,-1,3.3279,-1,3.2865,-1,3.5867,3.7747,3.3335,-1,-1,-1,-1,-1,-1,-1,-1,-1,-1
443,3.382,-1,-1,3.3307,-1,3.289,-1,3.5884,3.7747,3.3354,-1,-1,-1,-1,-1,-1,-1,-1,-1,-1
444,3.384,-1,-1,3.3335,-1,3.289,-1,3.5901,3.7825,3.3372,-1,-1,-1,-1,-1,-1,-1,-1,-1,-1
445,3.3851,-1,-1,3.3335,-1,3.289,-1,3.5918,3.7852,3.3382,-1,-1,-1,-1,-1,-1,-1,-1,-1,-1
446,3.3883,-1,-1,3.3354,-1,3.289,-1,3.5952,3.7905,3.3382,-1,-1,-1,-1,-1,-1,-1,-1,-1,-1
447,3.3883,-1,-1,3.3363,-1,3.2899,-1,3.6003,3.7932,3.3401,-1,-1,-1,-1,-1,-1,-1,-1,-1,-1
448,3.3893,-1,-1,3.3363,-1,3.2916,-1,3.6038,3.8097,3.342,-1,-1,-1,-1,-1,-1,-1,-1,-1,-1
449,3.3936,-1,-1,3.3372,-1,3.2916,-1,3.6038,3.8125,3.3439,-1,-1,-1,-1,-1,-1,-1,-1,-1,-1
450,3.3947,-1,-1,3.3391,-1,3.2916,-1,3.6038,3.8182,3.3449,-1,-1,-1,-1,-1,-1,-1,-1,-1,-1
451,3.399,-1,-1,3.3401,-1,3.2933,-1,3.6055,3.821,3.3458,-1,-1,-1,-1,-1,-1,-1,-1,-1,-1
452,3.4001,-1,-1,3.342,-1,3.2933,-1,3.6055,3.8268,3.3478,-1,-1,-1,-1,-1,-1,-1,-1,-1,-1
453,3.4012,-1,-1,3.3429,-1,3.295,-1,3.6091,3.8297,3.3487,-1,-1,-1,-1,-1,-1,-1,-1,-1,-1
454,3.4012,-1,-1,3.3429,-1,3.295,-1,3.6162,3.8297,3.3507,-1,-1,-1,-1,-1,-1,-1,-1,-1,-1
455,3.4012,-1,-1,3.3449,-1,3.2958,-1,3.6198,3.8447,3.3516,-1,-1,-1,-1,-1,-1,-1,-1,-1,-1
456,3.4023,-1,-1,3.3458,-1,3.2967,-1,3.6216,3.8447,3.3546,-1,-1,-1,-1,-1,-1,-1,-1,-1,-1
457,3.4034,-1,-1,3.3458,-1,3.2984,-1,3.6271,3.8447,3.3565,-1,-1,-1,-1,-1,-1,-1,-1,-1,-1
458,3.4045,-1,-1,3.3458,-1,3.2984,-1,3.6289,3.8477,3.3605,-1,-1,-1,-1,-1,-1,-1,-1,-1,-1
459,3.4056,-1,-1,3.3478,-1,3.2993,-1,3.6364,3.8477,3.3625,-1,-1,-1,-1,-1,-1,-1,-1,-1,-1
460,3.4067,-1,-1,3.3487,-1,3.2993,-1,3.6402,3.8508,3.3625,-1,-1,-1,-1,-1,-1,-1,-1,-1,-1
461,3.4112,-1,-1,3.3487,-1,3.301,-1,3.6421,3.8539,3.3635,-1,-1,-1,-1,-1,-1,-1,-1,-1,-1
462,3.4112,-1,-1,3.3497,-1,3.301,-1,3.6517,3.8539,3.3635,-1,-1,-1,-1,-1,-1,-1,-1,-1,-1
463,3.4123,-1,-1,3.3516,-1,3.301,-1,3.6556,3.8539,3.3645,-1,-1,-1,-1,-1,-1,-1,-1,-1,-1
464,3.4123,-1,-1,3.3536,-1,3.3072,-1,3.6576,3.8539,3.3655,-1,-1,-1,-1,-1,-1,-1,-1,-1,-1
465,3.4157,-1,-1,3.3546,-1,3.3072,-1,3.6615,3.857,3.3706,-1,-1,-1,-1,-1,-1,-1,-1,-1,-1
466,3.4191,-1,-1,3.3546,-1,3.308,-1,3.6655,3.8665,3.3716,-1,-1,-1,-1,-1,-1,-1,-1,-1,-1
467,3.4191,-1,-1,3.3556,-1,3.3125,-1,3.6696,3.8761,3.3726,-1,-1,-1,-1,-1,-1,-1,-1,-1,-1
468,3.4225,-1,-1,3.3565,-1,3.3143,-1,3.6696,3.8761,3.3726,-1,-1,-1,-1,-1,-1,-1,-1,-1,-1
469,3.4248,-1,-1,3.3565,-1,3.3143,-1,3.6696,3.8794,3.3757,-1,-1,-1,-1,-1,-1,-1,-1,-1,-1
470,3.4248,-1,-1,3.3565,-1,3.3152,-1,3.6737,3.8861,3.3768,-1,-1,-1,-1,-1,-1,-1,-1,-1,-1
471,3.4283,-1,-1,3.3575,-1,3.3161,-1,3.6757,3.8894,3.3768,-1,-1,-1,-1,-1,-1,-1,-1,-1,-1
472,3.4283,-1,-1,3.3585,-1,3.3161,-1,3.6819,3.8894,3.3799,-1,-1,-1,-1,-1,-1,-1,-1,-1,-1
473,3.4306,-1,-1,3.3585,-1,3.3161,-1,3.684,3.8894,3.383,-1,-1,-1,-1,-1,-1,-1,-1,-1,-1
474,3.4318,-1,-1,3.3585,-1,3.3161,-1,3.6861,3.9031,3.384,-1,-1,-1,-1,-1,-1,-1,-1,-1,-1
475,3.433,-1,-1,3.3605,-1,3.3188,-1,3.6904,3.9066,3.3851,-1,-1,-1,-1,-1,-1,-1,-1,-1,-1
476,3.4353,-1,-1,3.3625,-1,3.3206,-1,3.6925,3.9101,3.3862,-1,-1,-1,-1,-1,-1,-1,-1,-1,-1
477,3.4353,-1,-1,3.3625,-1,3.3215,-1,3.6925,3.9355,3.3872,-1,-1,-1,-1,-1,-1,-1,-1,-1,-1
478,3.4365,-1,-1,3.3635,-1,3.3224,-1,3.6968,3.9431,3.3872,-1,-1,-1,-1,-1,-1,-1,-1,-1,-1
479,3.4401,-1,-1,3.3635,-1,3.3224,-1,3.7077,3.9547,3.3872,-1,-1,-1,-1,-1,-1,-1,-1,-1,-1
480,3.4401,-1,-1,3.3645,-1,3.3233,-1,3.7122,3.9547,3.3872,-1,-1,-1,-1,-1,-1,-1,-1,-1,-1
481,3.4401,-1,-1,3.3655,-1,3.3261,-1,3.7122,3.9666,3.3872,-1,-1,-1,-1,-1,-1,-1,-1,-1,-1
482,3.4401,-1,-1,3.3665,-1,3.3261,-1,3.7144,3.9666,3.3883,-1,-1,-1,-1,-1,-1,-1,-1,-1,-1
483,3.4401,-1,-1,3.3665,-1,3.3307,-1,3.7144,3.9788,3.3904,-1,-1,-1,-1,-1,-1,-1,-1,-1,-1
484,3.4401,-1,-1,3.3675,-1,3.3316,-1,3.7258,3.983,3.3915,-1,-1,-1,-1,-1,-1,-1,-1,-1,-1
485,3.4401,-1,-1,3.3675,-1,3.3316,-1,3.7282,4.0035,3.3947,-1,-1,-1,-1,-1,-1,-1,-1,-1,-1
486,3.4401,-1,-1,3.3686,-1,3.3325,-1,3.7305,4.007,3.4012,-1,-1,-1,-1,-1,-1,-1,-1,-1,-1
487,3.4401,-1,-1,3.3686,-1,3.3335,-1,3.7305,4.0097,3.4012,-1,-1,-1,-1,-1,-1,-1,-1,-1,-1
488,3.4425,-1,-1,3.3686,-1,3.3335,-1,3.7328,4.0114,3.4023,-1,-1,-1,-1,-1,-1,-1,-1,-1,-1
489,3.4449,-1,-1,3.3686,-1,3.3354,-1,3.7352,4.0395,3.4045,-1,-1,-1,-1,-1,-1,-1,-1,-1,-1
490,3.4449,-1,-1,3.3716,-1,3.3363,-1,3.7375,4.041,3.4089,-1,-1,-1,-1,-1,-1,-1,-1,-1,-1
491,3.4461,-1,-1,3.3716,-1,3.3372,-1,3.7423,4.065,3.4112,-1,-1,-1,-1,-1,-1,-1,-1,-1,-1
492,3.4486,-1,-1,3.3737,-1,3.341,-1,3.7645,4.067,3.4112,-1,-1,-1,-1,-1,-1,-1,-1,-1,-1
493,3.451,-1,-1,3.3747,-1,3.341,-1,3.7747,4.0742,3.4123,-1,-1,-1,-1,-1,-1,-1,-1,-1,-1
494,3.4535,-1,-1,3.3747,-1,3.341,-1,3.7905,4.1118,3.4134,-1,-1,-1,-1,-1,-1,-1,-1,-1,-1
495,3.4559,-1,-1,3.3778,-1,3.341,-1,3.7932,4.1409,3.4145,-1,-1,-1,-1,-1,-1,-1,-1,-1,-1
496,3.4584,-1,-1,3.3788,-1,3.342,-1,3.7932,4.1599,3.4145,-1,-1,-1,-1,-1,-1,-1,-1,-1,-1
497,3.4597,-1,-1,3.3788,-1,3.342,-1,3.7959,4.1681,3.4191,-1,-1,-1,-1,-1,-1,-1,-1,-1,-1
498,3.4609,-1,-1,3.3788,-1,3.3439,-1,3.7959,4.1864,3.4214,-1,-1,-1,-1,-1,-1,-1,-1,-1,-1
499,3.4609,-1,-1,3.3799,-1,3.3449,-1,3.8013,4.1884,3.4225,-1,-1,-1,-1,-1,-1,-1,-1,-1,-1
500,3.4622,-1,-1,3.3799,-1,3.3449,-1,3.8041,4.1938,3.4225,-1,-1,-1,-1,-1,-1,-1,-1,-1,-1
501,3.4634,-1,-1,3.3851,-1,3.3458,-1,3.8097,4.2204,3.4225,-1,-1,-1,-1,-1,-1,-1,-1,-1,-1
502,3.4634,-1,-1,3.3851,-1,3.3458,-1,3.8125,4.2226,3.4271,-1,-1,-1,-1,-1,-1,-1,-1,-1,-1
503,3.4647,-1,-1,3.3851,-1,3.3458,-1,3.8182,4.2418,3.4271,-1,-1,-1,-1,-1,-1,-1,-1,-1,-1
504,3.4647,-1,-1,3.3872,-1,3.3468,-1,3.8239,4.2534,3.4283,-1,-1,-1,-1,-1,-1,-1,-1,-1,-1
505,3.4647,-1,-1,3.3872,-1,3.3478,-1,3.8297,4.2676,3.4295,-1,-1,-1,-1,-1,-1,-1,-1,-1,-1
506,3.4698,-1,-1,3.3883,-1,3.3478,-1,3.8327,4.2716,3.4318,-1,-1,-1,-1,-1,-1,-1,-1,-1,-1
507,3.4711,-1,-1,3.3915,-1,3.3487,-1,3.8327,4.2716,3.4353,-1,-1,-1,-1,-1,-1,-1,-1,-1,-1
508,3.475,-1,-1,3.3915,-1,3.3487,-1,3.8386,4.2716,3.4353,-1,-1,-1,-1,-1,-1,-1,-1,-1,-1
509,3.475,-1,-1,3.3915,-1,3.3487,-1,3.8447,4.2765,3.4377,-1,-1,-1,-1,-1,-1,-1,-1,-1,-1
510,3.4776,-1,-1,3.3936,-1,3.3487,-1,3.8477,4.3107,3.4389,-1,-1,-1,-1,-1,-1,-1,-1,-1,-1
511,3.4776,-1,-1,3.3936,-1,3.3507,-1,3.8508,4.3363,3.4401,-1,-1,-1,-1,-1,-1,-1,-1,-1,-1
512,3.4789,-1,-1,3.3958,-1,3.3526,-1,3.8508,4.3363,3.4425,-1,-1,-1,-1,-1,-1,-1,-1,-1,-1
513,3.4789,-1,-1,3.3969,-1,3.3526,-1,3.8665,4.3706,3.4425,-1,-1,-1,-1,-1,-1,-1,-1,-1,-1
514,3.4802,-1,-1,3.3969,-1,3.3575,-1,3.8697,4.3716,3.4437,-1,-1,-1,-1,-1,-1,-1,-1,-1,-1
515,3.4815,-1,-1,3.3969,-1,3.3595,-1,3.8697,4.3883,3.4437,-1,-1,-1,-1,-1,-1,-1,-1,-1,-1
516,3.4855,-1,-1,3.3969,-1,3.3595,-1,3.8729,4.4045,3.4437,-1,-1,-1,-1,-1,-1,-1,-1,-1,-1
517,3.4855,-1,-1,3.3979,-1,3.3605,-1,3.8729,4.4056,3.4473,-1,-1,-1,-1,-1,-1,-1,-1,-1,-1
518,3.4855,-1,-1,3.399,-1,3.3625,-1,3.8827,4.4089,3.451,-1,-1,-1,-1,-1,-1,-1,-1,-1,-1
519,3.4881,-1,-1,3.4001,-1,3.3625,-1,3.9066,4.4179,3.451,-1,-1,-1,-1,-1,-1,-1,-1,-1,-1
520,3.4881,-1,-1,3.4012,-1,3.3635,-1,3.9101,4.4225,3.4522,-1,-1,-1,-1,-1,-1,-1,-1,-1,-1
521,3.4908,-1,-1,3.4012,-1,3.3635,-1,3.9281,4.433,3.4522,-1,-1,-1,-1,-1,-1,-1,-1,-1,-1
522,3.4908,-1,-1,3.4089,-1,3.3635,-1,3.9355,4.4353,3.4547,-1,-1,-1,-1,-1,-1,-1,-1,-1,-1
523,3.4976,-1,-1,3.4123,-1,3.3645,-1,3.9393,4.4425,3.4547,-1,-1,-1,-1,-1,-1,-1,-1,-1,-1
524,3.4989,-1,-1,3.4145,-1,3.3655,-1,3.9393,4.466,3.4559,-1,-1,-1,-1,-1,-1,-1,-1,-1,-1
525,3.5017,-1,-1,3.4145,-1,3.3665,-1,3.9431,4.4815,3.4559,-1,-1,-1,-1,-1,-1,-1,-1,-1,-1
526,3.5017,-1,-1,3.4145,-1,3.3686,-1,3.9469,4.5287,3.4559,-1,-1,-1,-1,-1,-1,-1,-1,-1,-1
527,3.5031,-1,-1,3.4157,-1,3.3696,-1,3.9469,4.5331,3.4572,-1,-1,-1,-1,-1,-1,-1,-1,-1,-1
528,3.5045,-1,-1,3.4191,-1,3.3696,-1,3.9508,4.5421,3.4572,-1,-1,-1,-1,-1,-1,-1,-1,-1,-1
529,3.5072,-1,-1,3.4202,-1,3.3706,-1,3.9547,4.5686,3.4584,-1,-1,-1,-1,-1,-1,-1,-1,-1,-1
530,3.5072,-1,-1,3.4214,-1,3.3706,-1,3.9547,4.6635,3.4584,-1,-1,-1,-1,-1,-1,-1,-1,-1,-1
531,3.5072,-1,-1,3.4225,-1,3.3726,-1,3.9666,4.6819,3.4597,-1,-1,-1,-1,-1,-1,-1,-1,-1,-1
532,3.51,-1,-1,3.4237,-1,3.3726,-1,3.9666,4.719,3.4609,-1,-1,-1,-1,-1,-1,-1,-1,-1,-1
533,3.5143,-1,-1,3.4237,-1,3.3737,-1,3.9666,4.757,3.4622,-1,-1,-1,-1,-1,-1,-1,-1,-1,-1
534,3.5186,-1,-1,3.4283,-1,3.3799,-1,3.9747,4.7986,3.4634,-1,-1,-1,-1,-1,-1,-1,-1,-1,-1
535,3.52,-1,-1,3.4283,-1,3.3799,-1,3.9788,4.8239,3.4647,-1,-1,-1,-1,-1,-1,-1,-1,-1,-1
536,3.5258,-1,-1,3.4318,-1,3.3809,-1,3.9788,4.8268,3.4698,-1,-1,-1,-1,-1,-1,-1,-1,-1,-1
537,3.5258,-1,-1,3.4318,-1,3.383,-1,4.0,4.8386,3.4737,-1,-1,-1,-1,-1,-1,-1,-1,-1,-1
538,3.5258,-1,-1,3.4318,-1,3.3851,-1,4.0205,4.8894,3.475,-1,-1,-1,-1,-1,-1,-1,-1,-1,-1
539,3.5258,-1,-1,3.4342,-1,3.3851,-1,4.0205,5.1057,3.4763,-1,-1,-1,-1,-1,-1,-1,-1,-1,-1
540,3.5331,-1,-1,3.4353,-1,3.3915,-1,4.0438,5.1079,3.4763,-1,-1,-1,-1,-1,-1,-1,-1,-1,-1
541,3.5331,-1,-1,3.4353,-1,3.3925,-1,4.0506,5.109,3.4802,-1,-1,-1,-1,-1,-1,-1,-1,-1,-1
542,3.5376,-1,-1,3.4377,-1,3.3958,-1,4.0521,5.1752,3.4802,-1,-1,-1,-1,-1,-1,-1,-1,-1,-1
543,3.5406,-1,-1,3.4425,-1,3.3958,-1,4.0521,5.5072,3.4841,-1,-1,-1,-1,-1,-1,-1,-1,-1,-1
544,3.5406,-1,-1,3.4437,-1,3.3979,-1,4.0711,5.6108,3.4855,-1,-1,-1,-1,-1,-1,-1,-1,-1,-1
545,3.5421,-1,-1,3.4437,-1,3.4001,-1,4.0926,5.8386,3.4908,-1,-1,-1,-1,-1,-1,-1,-1,-1,-1
546,3.5421,-1,-1,3.4449,-1,3.4012,-1,4.0985,-1,3.4949,-1,-1,-1,-1,-1,-1,-1,-1,-1,-1
547,3.5436,-1,-1,3.4449,-1,3.4023,-1,4.1046,-1,3.4949,-1,-1,-1,-1,-1,-1,-1,-1,-1,-1
548,3.5452,-1,-1,3.4461,-1,3.4023,-1,4.1267,-1,3.4949,-1,-1,-1,-1,-1,-1,-1,-1,-1,-1
549,3.5452,-1,-1,3.4461,-1,3.4045,-1,4.1343,-1,3.4962,-1,-1,-1,-1,-1,-1,-1,-1,-1,-1
550,3.5452,-1,-1,3.4473,-1,3.4067,-1,4.1409,-1,3.4976,-1,-1,-1,-1,-1,-1,-1,-1,-1,-1
551,3.5513,-1,-1,3.4498,-1,3.4067,-1,4.1415,-1,3.4976,-1,-1,-1,-1,-1,-1,-1,-1,-1,-1
552,3.556,-1,-1,3.4498,-1,3.4067,-1,4.1433,-1,3.4976,-1,-1,-1,-1,-1,-1,-1,-1,-1,-1
553,3.5638,-1,-1,3.4559,-1,3.4078,-1,4.1451,-1,3.4989,-1,-1,-1,-1,-1,-1,-1,-1,-1,-1
554,3.5638,-1,-1,3.4559,-1,3.4134,-1,4.1543,-1,3.5003,-1,-1,-1,-1,-1,-1,-1,-1,-1,-1
555,3.5654,-1,-1,3.4559,-1,3.4145,-1,4.1739,-1,3.5003,-1,-1,-1,-1,-1,-1,-1,-1,-1,-1
556,3.567,-1,-1,3.4559,-1,3.4145,-1,4.1765,-1,3.5017,-1,-1,-1,-1,-1,-1,-1,-1,-1,-1
557,3.567,-1,-1,3.4559,-1,3.4145,-1,4.1831,-1,3.5045,-1,-1,-1,-1,-1,-1,-1,-1,-1,-1
558,3.567,-1,-1,3.4572,-1,3.4157,-1,4.1858,-1,3.5072,-1,-1,-1,-1,-1,-1,-1,-1,-1,-1
559,3.5702,-1,-1,3.4597,-1,3.4179,-1,4.2,-1,3.5086,-1,-1,-1,-1,-1,-1,-1,-1,-1,-1
560,3.5702,-1,-1,3.4609,-1,3.4179,-1,4.2007,-1,3.5114,-1,-1,-1,-1,-1,-1,-1,-1,-1,-1
561,3.5768,-1,-1,3.4609,-1,3.4179,-1,4.2034,-1,3.5129,-1,-1,-1,-1,-1,-1,-1,-1,-1,-1
562,3.5768,-1,-1,3.4622,-1,3.4202,-1,4.2069,-1,3.5129,-1,-1,-1,-1,-1,-1,-1,-1,-1,-1
563,3.5784,-1,-1,3.4622,-1,3.4202,-1,4.2168,-1,3.5129,-1,-1,-1,-1,-1,-1,-1,-1,-1,-1
564,3.585,-1,-1,3.4647,-1,3.4237,-1,4.2182,-1,3.5157,-1,-1,-1,-1,-1,-1,-1,-1,-1,-1
565,3.5867,-1,-1,3.4685,-1,3.4237,-1,4.2269,-1,3.5157,-1,-1,-1,-1,-1,-1,-1,-1,-1,-1
566,3.5867,-1,-1,3.4737,-1,3.4248,-1,4.2652,-1,3.5157,-1,-1,-1,-1,-1,-1,-1,-1,-1,-1
567,3.5952,-1,-1,3.4763,-1,3.4248,-1,4.27,-1,3.5171,-1,-1,-1,-1,-1,-1,-1,-1,-1,-1
568,3.5952,-1,-1,3.4776,-1,3.4283,-1,4.2933,-1,3.52,-1,-1,-1,-1,-1,-1,-1,-1,-1,-1
569,3.6021,-1,-1,3.4789,-1,3.4283,-1,4.3251,-1,3.52,-1,-1,-1,-1,-1,-1,-1,-1,-1,-1
570,3.6021,-1,-1,3.4828,-1,3.4306,-1,4.3325,-1,3.5214,-1,-1,-1,-1,-1,-1,-1,-1,-1,-1
571,3.6055,-1,-1,3.4855,-1,3.4306,-1,4.3372,-1,3.5229,-1,-1,-1,-1,-1,-1,-1,-1,-1,-1
572,3.6073,-1,-1,3.4868,-1,3.4318,-1,4.3391,-1,3.5229,-1,-1,-1,-1,-1,-1,-1,-1,-1,-1
573,3.6162,-1,-1,3.4868,-1,3.4318,-1,4.3401,-1,3.5243,-1,-1,-1,-1,-1,-1,-1,-1,-1,-1
574,3.6162,-1,-1,3.4881,-1,3.433,-1,4.3615,-1,3.5258,-1,-1,-1,-1,-1,-1,-1,-1,-1,-1
575,3.6216,-1,-1,3.4976,-1,3.4342,-1,4.3706,-1,3.5287,-1,-1,-1,-1,-1,-1,-1,-1,-1,-1
576,3.6253,-1,-1,3.5017,-1,3.4353,-1,4.3778,-1,3.5302,-1,-1,-1,-1,-1,-1,-1,-1,-1,-1
577,3.6289,-1,-1,3.5058,-1,3.4365,-1,4.3883,-1,3.5317,-1,-1,-1,-1,-1,-1,-1,-1,-1,-1
578,3.6289,-1,-1,3.5086,-1,3.4377,-1,4.3883,-1,3.5331,-1,-1,-1,-1,-1,-1,-1,-1,-1,-1
579,3.6308,-1,-1,3.51,-1,3.4377,-1,4.3947,-1,3.5361,-1,-1,-1,-1,-1,-1,-1,-1,-1,-1
580,3.6421,-1,-1,3.51,-1,3.4377,-1,4.399,-1,3.5376,-1,-1,-1,-1,-1,-1,-1,-1,-1,-1
581,3.6421,-1,-1,3.5114,-1,3.4389,-1,4.4045,-1,3.5376,-1,-1,-1,-1,-1,-1,-1,-1,-1,-1
582,3.644,-1,-1,3.5143,-1,3.4389,-1,4.4535,-1,3.5452,-1,-1,-1,-1,-1,-1,-1,-1,-1,-1
583,3.6459,-1,-1,3.5143,-1,3.4401,-1,4.4828,-1,3.5452,-1,-1,-1,-1,-1,-1,-1,-1,-1,-1
584,3.6478,-1,-1,3.5171,-1,3.4413,-1,4.4895,-1,3.5452,-1,-1,-1,-1,-1,-1,-1,-1,-1,-1
585,3.6478,-1,-1,3.52,-1,3.4425,-1,4.5346,-1,3.5482,-1,-1,-1,-1,-1,-1,-1,-1,-1,-1
586,3.6498,-1,-1,3.5214,-1,3.4425,-1,4.5421,-1,3.5498,-1,-1,-1,-1,-1,-1,-1,-1,-1,-1
587,3.6498,-1,-1,3.5214,-1,3.4437,-1,4.6003,-1,3.5513,-1,-1,-1,-1,-1,-1,-1,-1,-1,-1
588,3.6536,-1,-1,3.5214,-1,3.4449,-1,4.6108,-1,3.5544,-1,-1,-1,-1,-1,-1,-1,-1,-1,-1
589,3.6536,-1,-1,3.5214,-1,3.4461,-1,4.6882,-1,3.5575,-1,-1,-1,-1,-1,-1,-1,-1,-1,-1
590,3.6556,-1,-1,3.5229,-1,3.4486,-1,4.6904,-1,3.5591,-1,-1,-1,-1,-1,-1,-1,-1,-1,-1
591,3.6576,-1,-1,3.5229,-1,3.4486,-1,4.7033,-1,3.5622,-1,-1,-1,-1,-1,-1,-1,-1,-1,-1
592,3.6655,-1,-1,3.5229,-1,3.4535,-1,4.7167,-1,3.5622,-1,-1,-1,-1,-1,-1,-1,-1,-1,-1
593,3.6676,-1,-1,3.5243,-1,3.4535,-1,4.7258,-1,3.5654,-1,-1,-1,-1,-1,-1,-1,-1,-1,-1
594,3.6716,-1,-1,3.5258,-1,3.4559,-1,4.7352,-1,3.567,-1,-1,-1,-1,-1,-1,-1,-1,-1,-1
595,3.6737,-1,-1,3.5258,-1,3.4559,-1,4.7799,-1,3.5686,-1,-1,-1,-1,-1,-1,-1,-1,-1,-1
596,3.6819,-1,-1,3.5258,-1,3.4559,-1,5.1113,-1,3.5702,-1,-1,-1,-1,-1,-1,-1,-1,-1,-1
597,3.6861,-1,-1,3.5272,-1,3.4572,-1,5.1746,-1,3.5719,-1,-1,-1,-1,-1,-1,-1,-1,-1,-1
598,3.6882,-1,-1,3.5272,-1,3.4572,-1,5.5607,-1,3.5719,-1,-1,-1,-1,-1,-1,-1,-1,-1,-1
599,3.6882,-1,-1,3.5287,-1,3.4584,-1,6.2104,-1,3.5735,-1,-1,-1,-1,-1,-1,-1,-1,-1,-1
600,3.6904,-1,-1,3.5287,-1,3.4609,-1,7.2262,-1,3.5784,-1,-1,-1,-1,-1,-1,-1,-1,-1,-1
601,3.6925,-1,-1,3.5331,-1,3.4622,-1,-1,-1,3.58,-1,-1,-1,-1,-1,-1,-1,-1,-1,-1
602,3.6968,-1,-1,3.5346,-1,3.4634,-1,-1,-1,3.58,-1,-1,-1,-1,-1,-1,-1,-1,-1,-1
603,3.699,-1,-1,3.5376,-1,3.4634,-1,-1,-1,3.5834,-1,-1,-1,-1,-1,-1,-1,-1,-1,-1
604,3.699,-1,-1,3.5391,-1,3.4634,-1,-1,-1,3.585,-1,-1,-1,-1,-1,-1,-1,-1,-1,-1
605,3.7011,-1,-1,3.5406,-1,3.4647,-1,-1,-1,3.5884,-1,-1,-1,-1,-1,-1,-1,-1,-1,-1
606,3.7033,-1,-1,3.5436,-1,3.4647,-1,-1,-1,3.5901,-1,-1,-1,-1,-1,-1,-1,-1,-1,-1
607,3.7055,-1,-1,3.5436,-1,3.466,-1,-1,-1,3.5952,-1,-1,-1,-1,-1,-1,-1,-1,-1,-1
608,3.71,-1,-1,3.5452,-1,3.466,-1,-1,-1,3.5952,-1,-1,-1,-1,-1,-1,-1,-1,-1,-1
609,3.71,-1,-1,3.5452,-1,3.4698,-1,-1,-1,3.6003,-1,-1,-1,-1,-1,-1,-1,-1,-1,-1
610,3.7122,-1,-1,3.5452,-1,3.4737,-1,-1,-1,3.6038,-1,-1,-1,-1,-1,-1,-1,-1,-1,-1
611,3.7144,-1,-1,3.5452,-1,3.4737,-1,-1,-1,3.6073,-1,-1,-1,-1,-1,-1,-1,-1,-1,-1
612,3.7144,-1,-1,3.5467,-1,3.4763,-1,-1,-1,3.6091,-1,-1,-1,-1,-1,-1,-1,-1,-1,-1
613,3.7144,-1,-1,3.5467,-1,3.4763,-1,-1,-1,3.6108,-1,-1,-1,-1,-1,-1,-1,-1,-1,-1
614,3.7167,-1,-1,3.5482,-1,3.4789,-1,-1,-1,3.6108,-1,-1,-1,-1,-1,-1,-1,-1,-1,-1
615,3.719,-1,-1,3.5482,-1,3.4789,-1,-1,-1,3.6126,-1,-1,-1,-1,-1,-1,-1,-1,-1,-1
616,3.7328,-1,-1,3.5544,-1,3.4802,-1,-1,-1,3.6126,-1,-1,-1,-1,-1,-1,-1,-1,-1,-1
617,3.7328,-1,-1,3.5544,-1,3.4802,-1,-1,-1,3.6144,-1,-1,-1,-1,-1,-1,-1,-1,-1,-1
618,3.7352,-1,-1,3.556,-1,3.4802,-1,-1,-1,3.6144,-1,-1,-1,-1,-1,-1,-1,-1,-1,-1
619,3.7352,-1,-1,3.556,-1,3.4815,-1,-1,-1,3.6162,-1,-1,-1,-1,-1,-1,-1,-1,-1,-1
620,3.7399,-1,-1,3.556,-1,3.4815,-1,-1,-1,3.6162,-1,-1,-1,-1,-1,-1,-1,-1,-1,-1
621,3.7399,-1,-1,3.5575,-1,3.4828,-1,-1,-1,3.6162,-1,-1,-1,-1,-1,-1,-1,-1,-1,-1
622,3.7447,-1,-1,3.5622,-1,3.4828,-1,-1,-1,3.6216,-1,-1,-1,-1,-1,-1,-1,-1,-1,-1
623,3.7447,-1,-1,3.5622,-1,3.4881,-1,-1,-1,3.6234,-1,-1,-1,-1,-1,-1,-1,-1,-1,-1
624,3.7471,-1,-1,3.5638,-1,3.4881,-1,-1,-1,3.6289,-1,-1,-1,-1,-1,-1,-1,-1,-1,-1
625,3.7471,-1,-1,3.5638,-1,3.4895,-1,-1,-1,3.6289,-1,-1,-1,-1,-1,-1,-1,-1,-1,-1
626,3.7496,-1,-1,3.5654,-1,3.4921,-1,-1,-1,3.6308,-1,-1,-1,-1,-1,-1,-1,-1,-1,-1
627,3.752,-1,-1,3.567,-1,3.4921,-1,-1,-1,3.6345,-1,-1,-1,-1,-1,-1,-1,-1,-1,-1
628,3.752,-1,-1,3.567,-1,3.4921,-1,-1,-1,3.6364,-1,-1,-1,-1,-1,-1,-1,-1,-1,-1
629,3.752,-1,-1,3.5686,-1,3.4949,-1,-1,-1,3.6596,-1,-1,-1,-1,-1,-1,-1,-1,-1,-1
630,3.752,-1,-1,3.5686,-1,3.4962,-1,-1,-1,3.6596,-1,-1,-1,-1,-1,-1,-1,-1,-1,-1
631,3.752,-1,-1,3.5719,-1,3.4962,-1,-1,-1,3.6615,-1,-1,-1,-1,-1,-1,-1,-1,-1,-1
632,3.752,-1,-1,3.5751,-1,3.4962,-1,-1,-1,3.6635,-1,-1,-1,-1,-1,-1,-1,-1,-1,-1
633,3.7545,-1,-1,3.5784,-1,3.4976,-1,-1,-1,3.6655,-1,-1,-1,-1,-1,-1,-1,-1,-1,-1
634,3.7595,-1,-1,3.5784,-1,3.4976,-1,-1,-1,3.6676,-1,-1,-1,-1,-1,-1,-1,-1,-1,-1
635,3.762,-1,-1,3.5784,-1,3.4989,-1,-1,-1,3.6696,-1,-1,-1,-1,-1,-1,-1,-1,-1,-1
636,3.762,-1,-1,3.58,-1,3.5045,-1,-1,-1,3.6778,-1,-1,-1,-1,-1,-1,-1,-1,-1,-1
637,3.762,-1,-1,3.5834,-1,3.5045,-1,-1,-1,3.6819,-1,-1,-1,-1,-1,-1,-1,-1,-1,-1
638,3.762,-1,-1,3.5901,-1,3.5058,-1,-1,-1,3.6882,-1,-1,-1,-1,-1,-1,-1,-1,-1,-1
639,3.7645,-1,-1,3.5901,-1,3.5058,-1,-1,-1,3.6968,-1,-1,-1,-1,-1,-1,-1,-1,-1,-1
640,3.767,-1,-1,3.5901,-1,3.5058,-1,-1,-1,3.7011,-1,-1,-1,-1,-1,-1,-1,-1,-1,-1
641,3.7721,-1,-1,3.5918,-1,3.5086,-1,-1,-1,3.7011,-1,-1,-1,-1,-1,-1,-1,-1,-1,-1
642,3.7747,-1,-1,3.5952,-1,3.5086,-1,-1,-1,3.7033,-1,-1,-1,-1,-1,-1,-1,-1,-1,-1
643,3.7747,-1,-1,3.5952,-1,3.51,-1,-1,-1,3.7144,-1,-1,-1,-1,-1,-1,-1,-1,-1,-1
644,3.7878,-1,-1,3.6003,-1,3.5114,-1,-1,-1,3.7167,-1,-1,-1,-1,-1,-1,-1,-1,-1,-1
645,3.7878,-1,-1,3.6038,-1,3.5129,-1,-1,-1,3.7167,-1,-1,-1,-1,-1,-1,-1,-1,-1,-1
646,3.7932,-1,-1,3.6108,-1,3.5157,-1,-1,-1,3.719,-1,-1,-1,-1,-1,-1,-1,-1,-1,-1
647,3.7959,-1,-1,3.6108,-1,3.5157,-1,-1,-1,3.7212,-1,-1,-1,-1,-1,-1,-1,-1,-1,-1
648,3.7986,-1,-1,3.6162,-1,3.5157,-1,-1,-1,3.7235,-1,-1,-1,-1,-1,-1,-1,-1,-1,-1
649,3.8041,-1,-1,3.6162,-1,3.5171,-1,-1,-1,3.7235,-1,-1,-1,-1,-1,-1,-1,-1,-1,-1
650,3.8041,-1,-1,3.618,-1,3.5171,-1,-1,-1,3.7258,-1,-1,-1,-1,-1,-1,-1,-1,-1,-1
651,3.8041,-1,-1,3.6234,-1,3.5171,-1,-1,-1,3.7282,-1,-1,-1,-1,-1,-1,-1,-1,-1,-1
652,3.8097,-1,-1,3.6253,-1,3.5186,-1,-1,-1,3.7282,-1,-1,-1,-1,-1,-1,-1,-1,-1,-1
653,3.8182,-1,-1,3.6271,-1,3.5258,-1,-1,-1,3.7305,-1,-1,-1,-1,-1,-1,-1,-1,-1,-1
654,3.8239,-1,-1,3.6289,-1,3.5272,-1,-1,-1,3.7352,-1,-1,-1,-1,-1,-1,-1,-1,-1,-1
655,3.8268,-1,-1,3.6308,-1,3.5302,-1,-1,-1,3.7399,-1,-1,-1,-1,-1,-1,-1,-1,-1,-1
656,3.8268,-1,-1,3.6326,-1,3.5317,-1,-1,-1,3.7423,-1,-1,-1,-1,-1,-1,-1,-1,-1,-1
657,3.8327,-1,-1,3.6402,-1,3.5331,-1,-1,-1,3.7471,-1,-1,-1,-1,-1,-1,-1,-1,-1,-1
658,3.8327,-1,-1,3.6402,-1,3.5346,-1,-1,-1,3.7471,-1,-1,-1,-1,-1,-1,-1,-1,-1,-1
659,3.8356,-1,-1,3.6421,-1,3.5421,-1,-1,-1,3.752,-1,-1,-1,-1,-1,-1,-1,-1,-1,-1
660,3.8356,-1,-1,3.6459,-1,3.5436,-1,-1,-1,3.757,-1,-1,-1,-1,-1,-1,-1,-1,-1,-1
661,3.8356,-1,-1,3.6459,-1,3.5452,-1,-1,-1,3.7595,-1,-1,-1,-1,-1,-1,-1,-1,-1,-1
662,3.8477,-1,-1,3.6459,-1,3.5452,-1,-1,-1,3.7645,-1,-1,-1,-1,-1,-1,-1,-1,-1,-1
663,3.8508,-1,-1,3.6459,-1,3.5467,-1,-1,-1,3.767,-1,-1,-1,-1,-1,-1,-1,-1,-1,-1
664,3.857,-1,-1,3.6517,-1,3.5513,-1,-1,-1,3.7696,-1,-1,-1,-1,-1,-1,-1,-1,-1,-1
665,3.857,-1,-1,3.6517,-1,3.5513,-1,-1,-1,3.7696,-1,-1,-1,-1,-1,-1,-1,-1,-1,-1
666,3.857,-1,-1,3.6556,-1,3.556,-1,-1,-1,3.7696,-1,-1,-1,-1,-1,-1,-1,-1,-1,-1
667,3.8633,-1,-1,3.6576,-1,3.556,-1,-1,-1,3.7773,-1,-1,-1,-1,-1,-1,-1,-1,-1,-1
668,3.8794,-1,-1,3.6615,-1,3.5575,-1,-1,-1,3.7959,-1,-1,-1,-1,-1,-1,-1,-1,-1,-1
669,3.8827,-1,-1,3.6696,-1,3.5591,-1,-1,-1,3.8097,-1,-1,-1,-1,-1,-1,-1,-1,-1,-1
670,3.8861,-1,-1,3.6696,-1,3.5607,-1,-1,-1,3.8097,-1,-1,-1,-1,-1,-1,-1,-1,-1,-1
671,3.8894,-1,-1,3.6716,-1,3.5622,-1,-1,-1,3.8125,-1,-1,-1,-1,-1,-1,-1,-1,-1,-1
672,3.8928,-1,-1,3.6737,-1,3.5638,-1,-1,-1,3.8153,-1,-1,-1,-1,-1,-1,-1,-1,-1,-1
673,3.8996,-1,-1,3.6757,-1,3.5654,-1,-1,-1,3.8182,-1,-1,-1,-1,-1,-1,-1,-1,-1,-1
674,3.9031,-1,-1,3.6757,-1,3.567,-1,-1,-1,3.8182,-1,-1,-1,-1,-1,-1,-1,-1,-1,-1
675,3.9172,-1,-1,3.6757,-1,3.5702,-1,-1,-1,3.8182,-1,-1,-1,-1,-1,-1,-1,-1,-1,-1
676,3.9208,-1,-1,3.6799,-1,3.5735,-1,-1,-1,3.8239,-1,-1,-1,-1,-1,-1,-1,-1,-1,-1
677,3.9245,-1,-1,3.6799,-1,3.5751,-1,-1,-1,3.8268,-1,-1,-1,-1,-1,-1,-1,-1,-1,-1
678,3.9281,-1,-1,3.6861,-1,3.58,-1,-1,-1,3.8297,-1,-1,-1,-1,-1,-1,-1,-1,-1,-1
679,3.9318,-1,-1,3.699,-1,3.58,-1,-1,-1,3.8416,-1,-1,-1,-1,-1,-1,-1,-1,-1,-1
680,3.9355,-1,-1,3.7011,-1,3.58,-1,-1,-1,3.8508,-1,-1,-1,-1,-1,-1,-1,-1,-1,-1
681,3.9355,-1,-1,3.7033,-1,3.5817,-1,-1,-1,3.8539,-1,-1,-1,-1,-1,-1,-1,-1,-1,-1
682,3.9355,-1,-1,3.7033,-1,3.5817,-1,-1,-1,3.857,-1,-1,-1,-1,-1,-1,-1,-1,-1,-1
683,3.9469,-1,-1,3.7033,-1,3.5834,-1,-1,-1,3.8697,-1,-1,-1,-1,-1,-1,-1,-1,-1,-1
684,3.9586,-1,-1,3.7077,-1,3.5834,-1,-1,-1,3.8794,-1,-1,-1,-1,-1,-1,-1,-1,-1,-1
685,3.9586,-1,-1,3.71,-1,3.585,-1,-1,-1,3.8827,-1,-1,-1,-1,-1,-1,-1,-1,-1,-1
686,3.9626,-1,-1,3.7144,-1,3.585,-1,-1,-1,3.8861,-1,-1,-1,-1,-1,-1,-1,-1,-1,-1
687,3.9666,-1,-1,3.7167,-1,3.5867,-1,-1,-1,3.8861,-1,-1,-1,-1,-1,-1,-1,-1,-1,-1
688,3.9706,-1,-1,3.7167,-1,3.5867,-1,-1,-1,3.8894,-1,-1,-1,-1,-1,-1,-1,-1,-1,-1
689,3.9747,-1,-1,3.719,-1,3.5901,-1,-1,-1,3.8894,-1,-1,-1,-1,-1,-1,-1,-1,-1,-1
690,3.9747,-1,-1,3.7305,-1,3.5952,-1,-1,-1,3.8962,-1,-1,-1,-1,-1,-1,-1,-1,-1,-1
691,3.983,-1,-1,3.7375,-1,3.6055,-1,-1,-1,3.8996,-1,-1,-1,-1,-1,-1,-1,-1,-1,-1
692,3.983,-1,-1,3.7423,-1,3.6073,-1,-1,-1,3.8996,-1,-1,-1,-1,-1,-1,-1,-1,-1,-1
693,3.983,-1,-1,3.7447,-1,3.6108,-1,-1,-1,3.9031,-1,-1,-1,-1,-1,-1,-1,-1,-1,-1
694,3.983,-1,-1,3.7471,-1,3.6144,-1,-1,-1,3.9066,-1,-1,-1,-1,-1,-1,-1,-1,-1,-1
695,3.9914,-1,-1,3.7471,-1,3.6144,-1,-1,-1,3.9066,-1,-1,-1,-1,-1,-1,-1,-1,-1,-1
696,3.9957,-1,-1,3.7471,-1,3.6162,-1,-1,-1,3.9066,-1,-1,-1,-1,-1,-1,-1,-1,-1,-1
697,3.9957,-1,-1,3.7496,-1,3.618,-1,-1,-1,3.9136,-1,-1,-1,-1,-1,-1,-1,-1,-1,-1
698,4.0026,-1,-1,3.752,-1,3.618,-1,-1,-1,3.9136,-1,-1,-1,-1,-1,-1,-1,-1,-1,-1
699,4.0052,-1,-1,3.7595,-1,3.6198,-1,-1,-1,3.9208,-1,-1,-1,-1,-1,-1,-1,-1,-1,-1
700,4.0205,-1,-1,3.762,-1,3.6253,-1,-1,-1,3.9208,-1,-1,-1,-1,-1,-1,-1,-1,-1,-1
701,4.0283,-1,-1,3.762,-1,3.6253,-1,-1,-1,3.9281,-1,-1,-1,-1,-1,-1,-1,-1,-1,-1
702,4.0325,-1,-1,3.767,-1,3.6326,-1,-1,-1,3.9281,-1,-1,-1,-1,-1,-1,-1,-1,-1,-1
703,4.0453,-1,-1,3.7721,-1,3.6364,-1,-1,-1,3.9318,-1,-1,-1,-1,-1,-1,-1,-1,-1,-1
704,4.0506,-1,-1,3.7799,-1,3.6383,-1,-1,-1,3.9318,-1,-1,-1,-1,-1,-1,-1,-1,-1,-1
705,4.0675,-1,-1,3.7799,-1,3.6421,-1,-1,-1,3.9355,-1,-1,-1,-1,-1,-1,-1,-1,-1,-1
706,4.0757,-1,-1,3.7852,-1,3.644,-1,-1,-1,3.9393,-1,-1,-1,-1,-1,-1,-1,-1,-1,-1
707,4.0872,-1,-1,3.7852,-1,3.6478,-1,-1,-1,3.9393,-1,-1,-1,-1,-1,-1,-1,-1,-1,-1
708,4.0872,-1,-1,3.7905,-1,3.6517,-1,-1,-1,3.9547,-1,-1,-1,-1,-1,-1,-1,-1,-1,-1
709,4.1046,-1,-1,3.7905,-1,3.6517,-1,-1,-1,3.9586,-1,-1,-1,-1,-1,-1,-1,-1,-1,-1
710,4.1135,-1,-1,3.7905,-1,3.6536,-1,-1,-1,3.9626,-1,-1,-1,-1,-1,-1,-1,-1,-1,-1
711,4.1141,-1,-1,3.7932,-1,3.6556,-1,-1,-1,3.9706,-1,-1,-1,-1,-1,-1,-1,-1,-1,-1
712,4.1152,-1,-1,3.8041,-1,3.6556,-1,-1,-1,3.9706,-1,-1,-1,-1,-1,-1,-1,-1,-1,-1
713,4.1169,-1,-1,3.8041,-1,3.6556,-1,-1,-1,3.9706,-1,-1,-1,-1,-1,-1,-1,-1,-1,-1
714,4.1186,-1,-1,3.8069,-1,3.6596,-1,-1,-1,3.9872,-1,-1,-1,-1,-1,-1,-1,-1,-1,-1
715,4.1238,-1,-1,3.8069,-1,3.6615,-1,-1,-1,3.9957,-1,-1,-1,-1,-1,-1,-1,-1,-1,-1
716,4.1273,-1,-1,3.821,-1,3.6635,-1,-1,-1,3.9957,-1,-1,-1,-1,-1,-1,-1,-1,-1,-1
717,4.1397,-1,-1,3.8239,-1,3.6676,-1,-1,-1,4.0026,-1,-1,-1,-1,-1,-1,-1,-1,-1,-1
718,4.1451,-1,-1,3.8268,-1,3.6676,-1,-1,-1,4.0026,-1,-1,-1,-1,-1,-1,-1,-1,-1,-1
719,4.1469,-1,-1,3.8268,-1,3.6716,-1,-1,-1,4.0088,-1,-1,-1,-1,-1,-1,-1,-1,-1,-1
720,4.15,-1,-1,3.8297,-1,3.6716,-1,-1,-1,4.0283,-1,-1,-1,-1,-1,-1,-1,-1,-1,-1
721,4.1537,-1,-1,3.8356,-1,3.6737,-1,-1,-1,4.0325,-1,-1,-1,-1,-1,-1,-1,-1,-1,-1
722,4.1618,-1,-1,3.8356,-1,3.6737,-1,-1,-1,4.04,-1,-1,-1,-1,-1,-1,-1,-1,-1,-1
723,4.1791,-1,-1,3.8416,-1,3.6757,-1,-1,-1,4.0429,-1,-1,-1,-1,-1,-1,-1,-1,-1,-1
724,4.1805,-1,-1,3.8416,-1,3.6778,-1,-1,-1,4.0429,-1,-1,-1,-1,-1,-1,-1,-1,-1,-1
725,4.1805,-1,-1,3.8416,-1,3.6799,-1,-1,-1,4.0448,-1,-1,-1,-1,-1,-1,-1,-1,-1,-1
726,4.1811,-1,-1,3.8447,-1,3.6799,-1,-1,-1,4.0487,-1,-1,-1,-1,-1,-1,-1,-1,-1,-1
727,4.1878,-1,-1,3.8477,-1,3.684,-1,-1,-1,4.0506,-1,-1,-1,-1,-1,-1,-1,-1,-1,-1
728,4.1891,-1,-1,3.8508,-1,3.6861,-1,-1,-1,4.055,-1,-1,-1,-1,-1,-1,-1,-1,-1,-1
729,4.2248,-1,-1,3.8508,-1,3.6861,-1,-1,-1,4.061,-1,-1,-1,-1,-1,-1,-1,-1,-1,-1
730,4.2526,-1,-1,3.857,-1,3.6904,-1,-1,-1,4.061,-1,-1,-1,-1,-1,-1,-1,-1,-1,-1
731,4.2573,-1,-1,3.8601,-1,3.6946,-1,-1,-1,4.061,-1,-1,-1,-1,-1,-1,-1,-1,-1,-1
732,4.2807,-1,-1,3.8601,-1,3.6946,-1,-1,-1,4.0635,-1,-1,-1,-1,-1,-1,-1,-1,-1,-1
733,4.2815,-1,-1,3.8633,-1,3.6968,-1,-1,-1,4.066,-1,-1,-1,-1,-1,-1,-1,-1,-1,-1
734,4.2815,-1,-1,3.8665,-1,3.6968,-1,-1,-1,4.0685,-1,-1,-1,-1,-1,-1,-1,-1,-1,-1
735,4.2865,-1,-1,3.8697,-1,3.7033,-1,-1,-1,4.0799,-1,-1,-1,-1,-1,-1,-1,-1,-1,-1
736,4.2865,-1,-1,3.8729,-1,3.7033,-1,-1,-1,4.0862,-1,-1,-1,-1,-1,-1,-1,-1,-1,-1
737,4.289,-1,-1,3.8794,-1,3.7055,-1,-1,-1,4.0947,-1,-1,-1,-1,-1,-1,-1,-1,-1,-1
738,4.289,-1,-1,3.8794,-1,3.7122,-1,-1,-1,4.0996,-1,-1,-1,-1,-1,-1,-1,-1,-1,-1
739,4.2993,-1,-1,3.8894,-1,3.7167,-1,-1,-1,4.1079,-1,-1,-1,-1,-1,-1,-1,-1,-1,-1
740,4.301,-1,-1,3.8928,-1,3.719,-1,-1,-1,4.1141,-1,-1,-1,-1,-1,-1,-1,-1,-1,-1
741,4.3298,-1,-1,3.9066,-1,3.719,-1,-1,-1,4.1186,-1,-1,-1,-1,-1,-1,-1,-1,-1,-1
742,4.3556,-1,-1,3.9066,-1,3.7212,-1,-1,-1,4.1221,-1,-1,-1,-1,-1,-1,-1,-1,-1,-1
743,4.3655,-1,-1,3.9066,-1,3.7212,-1,-1,-1,4.1373,-1,-1,-1,-1,-1,-1,-1,-1,-1,-1
744,4.3726,-1,-1,3.9136,-1,3.7212,-1,-1,-1,4.1373,-1,-1,-1,-1,-1,-1,-1,-1,-1,-1
745,4.3747,-1,-1,3.9393,-1,3.7235,-1,-1,-1,4.1433,-1,-1,-1,-1,-1,-1,-1,-1,-1,-1
746,4.3778,-1,-1,3.9431,-1,3.7258,-1,-1,-1,4.1475,-1,-1,-1,-1,-1,-1,-1,-1,-1,-1
747,4.399,-1,-1,3.9431,-1,3.7282,-1,-1,-1,4.1555,-1,-1,-1,-1,-1,-1,-1,-1,-1,-1
748,4.4001,-1,-1,3.9469,-1,3.7282,-1,-1,-1,4.1643,-1,-1,-1,-1,-1,-1,-1,-1,-1,-1
749,4.4123,-1,-1,3.9508,-1,3.7282,-1,-1,-1,4.1864,-1,-1,-1,-1,-1,-1,-1,-1,-1,-1
750,4.4179,-1,-1,3.9508,-1,3.7282,-1,-1,-1,4.1898,-1,-1,-1,-1,-1,-1,-1,-1,-1,-1
751,4.4271,-1,-1,3.9547,-1,3.7305,-1,-1,-1,4.1986,-1,-1,-1,-1,-1,-1,-1,-1,-1,-1
752,4.4449,-1,-1,3.9626,-1,3.7305,-1,-1,-1,4.2132,-1,-1,-1,-1,-1,-1,-1,-1,-1,-1
753,4.4522,-1,-1,3.9706,-1,3.7328,-1,-1,-1,4.2358,-1,-1,-1,-1,-1,-1,-1,-1,-1,-1
754,4.4609,-1,-1,3.9747,-1,3.7328,-1,-1,-1,4.2358,-1,-1,-1,-1,-1,-1,-1,-1,-1,-1
755,4.4828,-1,-1,3.9747,-1,3.7328,-1,-1,-1,4.2381,-1,-1,-1,-1,-1,-1,-1,-1,-1,-1
756,4.4895,-1,-1,3.983,-1,3.7375,-1,-1,-1,4.2411,-1,-1,-1,-1,-1,-1,-1,-1,-1,-1
757,4.4895,-1,-1,3.9872,-1,3.7399,-1,-1,-1,4.2449,-1,-1,-1,-1,-1,-1,-1,-1,-1,-1
758,4.4895,-1,-1,3.9914,-1,3.7447,-1,-1,-1,4.2503,-1,-1,-1,-1,-1,-1,-1,-1,-1,-1
759,4.5058,-1,-1,4.007,-1,3.7471,-1,-1,-1,4.2573,-1,-1,-1,-1,-1,-1,-1,-1,-1,-1
760,4.5498,-1,-1,4.0214,-1,3.7471,-1,-1,-1,4.2573,-1,-1,-1,-1,-1,-1,-1,-1,-1,-1
761,4.58,-1,-1,4.0311,-1,3.7496,-1,-1,-1,4.2588,-1,-1,-1,-1,-1,-1,-1,-1,-1,-1
762,4.585,-1,-1,4.0311,-1,3.752,-1,-1,-1,4.2798,-1,-1,-1,-1,-1,-1,-1,-1,-1,-1
763,4.5986,-1,-1,4.0362,-1,3.752,-1,-1,-1,4.2823,-1,-1,-1,-1,-1,-1,-1,-1,-1,-1
764,4.6003,-1,-1,4.0487,-1,3.7545,-1,-1,-1,4.2832,-1,-1,-1,-1,-1,-1,-1,-1,-1,-1
765,4.644,-1,-1,4.0531,-1,3.762,-1,-1,-1,4.2967,-1,-1,-1,-1,-1,-1,-1,-1,-1,-1
766,4.7399,-1,-1,4.061,-1,3.7645,-1,-1,-1,4.3134,-1,-1,-1,-1,-1,-1,-1,-1,-1,-1
767,4.7423,-1,-1,4.0645,-1,3.767,-1,-1,-1,4.3325,-1,-1,-1,-1,-1,-1,-1,-1,-1,-1
768,4.7595,-1,-1,4.0675,-1,3.767,-1,-1,-1,4.3354,-1,-1,-1,-1,-1,-1,-1,-1,-1,-1
769,4.7721,-1,-1,4.0711,-1,3.7696,-1,-1,-1,4.3478,-1,-1,-1,-1,-1,-1,-1,-1,-1,-1
770,4.821,-1,-1,4.082,-1,3.7747,-1,-1,-1,4.3478,-1,-1,-1,-1,-1,-1,-1,-1,-1,-1
771,4.8268,-1,-1,4.0825,-1,3.7773,-1,-1,-1,4.3478,-1,-1,-1,-1,-1,-1,-1,-1,-1,-1
772,4.8996,-1,-1,4.0835,-1,3.7825,-1,-1,-1,4.3526,-1,-1,-1,-1,-1,-1,-1,-1,-1,-1
773,4.983,-1,-1,4.0899,-1,3.7878,-1,-1,-1,4.3625,-1,-1,-1,-1,-1,-1,-1,-1,-1,-1
774,4.9914,-1,-1,4.0958,-1,3.7905,-1,-1,-1,4.3778,-1,-1,-1,-1,-1,-1,-1,-1,-1,-1
775,5.0159,-1,-1,4.0996,-1,3.7986,-1,-1,-1,4.3851,-1,-1,-1,-1,-1,-1,-1,-1,-1,-1
776,5.0747,-1,-1,4.1101,-1,3.7986,-1,-1,-1,4.3936,-1,-1,-1,-1,-1,-1,-1,-1,-1,-1
777,5.0778,-1,-1,4.129,-1,3.7986,-1,-1,-1,4.3947,-1,-1,-1,-1,-1,-1,-1,-1,-1,-1
778,5.1409,-1,-1,4.1355,-1,3.8041,-1,-1,-1,4.4112,-1,-1,-1,-1,-1,-1,-1,-1,-1,-1
779,5.3925,-1,-1,4.1409,-1,3.8041,-1,-1,-1,4.4225,-1,-1,-1,-1,-1,-1,-1,-1,-1,-1
780,5.3958,-1,-1,4.1451,-1,3.8041,-1,-1,-1,4.4449,-1,-1,-1,-1,-1,-1,-1,-1,-1,-1
781,5.6635,-1,-1,4.1561,-1,3.8041,-1,-1,-1,4.4609,-1,-1,-1,-1,-1,-1,-1,-1,-1,-1
782,5.8125,-1,-1,4.1637,-1,3.8069,-1,-1,-1,4.4698,-1,-1,-1,-1,-1,-1,-1,-1,-1,-1
783,6.5017,-1,-1,4.1818,-1,3.8125,-1,-1,-1,4.4895,-1,-1,-1,-1,-1,-1,-1,-1,-1,-1
784,-1,-1,-1,4.1831,-1,3.8125,-1,-1,-1,4.4895,-1,-1,-1,-1,-1,-1,-1,-1,-1,-1
785,-1,-1,-1,4.1831,-1,3.8182,-1,-1,-1,4.4895,-1,-1,-1,-1,-1,-1,-1,-1,-1,-1
786,-1,-1,-1,4.1831,-1,3.8327,-1,-1,-1,4.5003,-1,-1,-1,-1,-1,-1,-1,-1,-1,-1
787,-1,-1,-1,4.1952,-1,3.8327,-1,-1,-1,4.5143,-1,-1,-1,-1,-1,-1,-1,-1,-1,-1
788,-1,-1,-1,4.1972,-1,3.8356,-1,-1,-1,4.5143,-1,-1,-1,-1,-1,-1,-1,-1,-1,-1
789,-1,-1,-1,4.2062,-1,3.8386,-1,-1,-1,4.5317,-1,-1,-1,-1,-1,-1,-1,-1,-1,-1
790,-1,-1,-1,4.209,-1,3.8416,-1,-1,-1,4.5331,-1,-1,-1,-1,-1,-1,-1,-1,-1,-1
791,-1,-1,-1,4.209,-1,3.8447,-1,-1,-1,4.5391,-1,-1,-1,-1,-1,-1,-1,-1,-1,-1
792,-1,-1,-1,4.2118,-1,3.8508,-1,-1,-1,4.5638,-1,-1,-1,-1,-1,-1,-1,-1,-1,-1
793,-1,-1,-1,4.2204,-1,3.8539,-1,-1,-1,4.5784,-1,-1,-1,-1,-1,-1,-1,-1,-1,-1
794,-1,-1,-1,4.224,-1,3.8539,-1,-1,-1,4.5817,-1,-1,-1,-1,-1,-1,-1,-1,-1,-1
795,-1,-1,-1,4.2351,-1,3.8539,-1,-1,-1,4.5867,-1,-1,-1,-1,-1,-1,-1,-1,-1,-1
796,-1,-1,-1,4.2411,-1,3.857,-1,-1,-1,4.6108,-1,-1,-1,-1,-1,-1,-1,-1,-1,-1
797,-1,-1,-1,4.2426,-1,3.8633,-1,-1,-1,4.6126,-1,-1,-1,-1,-1,-1,-1,-1,-1,-1
798,-1,-1,-1,4.2472,-1,3.8761,-1,-1,-1,4.618,-1,-1,-1,-1,-1,-1,-1,-1,-1,-1
799,-1,-1,-1,4.2757,-1,3.8761,-1,-1,-1,4.6904,-1,-1,-1,-1,-1,-1,-1,-1,-1,-1
800,-1,-1,-1,4.2774,-1,3.8794,-1,-1,-1,4.7055,-1,-1,-1,-1,-1,-1,-1,-1,-1,-1
801,-1,-1,-1,4.3028,-1,3.8794,-1,-1,-1,4.71,-1,-1,-1,-1,-1,-1,-1,-1,-1,-1
802,-1,-1,-1,4.3107,-1,3.8827,-1,-1,-1,4.8097,-1,-1,-1,-1,-1,-1,-1,-1,-1,-1
803,-1,-1,-1,4.3179,-1,3.8827,-1,-1,-1,4.8665,-1,-1,-1,-1,-1,-1,-1,-1,-1,-1
804,-1,-1,-1,4.3251,-1,3.8861,-1,-1,-1,4.9508,-1,-1,-1,-1,-1,-1,-1,-1,-1,-1
805,-1,-1,-1,4.3307,-1,3.8894,-1,-1,-1,4.9706,-1,-1,-1,-1,-1,-1,-1,-1,-1,-1
806,-1,-1,-1,4.3382,-1,3.8894,-1,-1,-1,4.9788,-1,-1,-1,-1,-1,-1,-1,-1,-1,-1
807,-1,-1,-1,4.3478,-1,3.8928,-1,-1,-1,5.158,-1,-1,-1,-1,-1,-1,-1,-1,-1,-1
808,-1,-1,-1,4.3716,-1,3.9031,-1,-1,-1,5.1675,-1,-1,-1,-1,-1,-1,-1,-1,-1,-1
809,-1,-1,-1,4.3726,-1,3.9066,-1,-1,-1,5.2314,-1,-1,-1,-1,-1,-1,-1,-1,-1,-1
810,-1,-1,-1,4.3809,-1,3.9136,-1,-1,-1,5.2907,-1,-1,-1,-1,-1,-1,-1,-1,-1,-1
811,-1,-1,-1,4.3979,-1,3.9172,-1,-1,-1,5.4437,-1,-1,-1,-1,-1,-1,-1,-1,-1,-1
812,-1,-1,-1,4.4001,-1,3.9208,-1,-1,-1,5.7932,-1,-1,-1,-1,-1,-1,-1,-1,-1,-1
813,-1,-1,-1,4.4401,-1,3.9208,-1,-1,-1,7.1192,-1,-1,-1,-1,-1,-1,-1,-1,-1,-1
814,-1,-1,-1,4.4449,-1,3.9208,-1,-1,-1,-1,-1,-1,-1,-1,-1,-1,-1,-1,-1,-1
815,-1,-1,-1,4.4647,-1,3.9281,-1,-1,-1,-1,-1,-1,-1,-1,-1,-1,-1,-1,-1,-1
816,-1,-1,-1,4.4685,-1,3.9355,-1,-1,-1,-1,-1,-1,-1,-1,-1,-1,-1,-1,-1,-1
817,-1,-1,-1,4.4737,-1,3.9431,-1,-1,-1,-1,-1,-1,-1,-1,-1,-1,-1,-1,-1,-1
818,-1,-1,-1,4.4802,-1,3.9431,-1,-1,-1,-1,-1,-1,-1,-1,-1,-1,-1,-1,-1,-1
819,-1,-1,-1,4.4855,-1,3.9508,-1,-1,-1,-1,-1,-1,-1,-1,-1,-1,-1,-1,-1,-1
820,-1,-1,-1,4.4895,-1,3.9547,-1,-1,-1,-1,-1,-1,-1,-1,-1,-1,-1,-1,-1,-1
821,-1,-1,-1,4.5157,-1,3.9547,-1,-1,-1,-1,-1,-1,-1,-1,-1,-1,-1,-1,-1,-1
822,-1,-1,-1,4.5272,-1,3.9626,-1,-1,-1,-1,-1,-1,-1,-1,-1,-1,-1,-1,-1,-1
823,-1,-1,-1,4.5406,-1,3.9666,-1,-1,-1,-1,-1,-1,-1,-1,-1,-1,-1,-1,-1,-1
824,-1,-1,-1,4.6091,-1,3.9706,-1,-1,-1,-1,-1,-1,-1,-1,-1,-1,-1,-1,-1,-1
825,-1,-1,-1,4.6345,-1,3.9706,-1,-1,-1,-1,-1,-1,-1,-1,-1,-1,-1,-1,-1,-1
826,-1,-1,-1,4.6402,-1,3.9788,-1,-1,-1,-1,-1,-1,-1,-1,-1,-1,-1,-1,-1,-1
827,-1,-1,-1,4.644,-1,3.9914,-1,-1,-1,-1,-1,-1,-1,-1,-1,-1,-1,-1,-1,-1
828,-1,-1,-1,4.6556,-1,4.0,-1,-1,-1,-1,-1,-1,-1,-1,-1,-1,-1,-1,-1,-1
829,-1,-1,-1,4.684,-1,4.0132,-1,-1,-1,-1,-1,-1,-1,-1,-1,-1,-1,-1,-1,-1
830,-1,-1,-1,4.757,-1,4.0182,-1,-1,-1,-1,-1,-1,-1,-1,-1,-1,-1,-1,-1,-1
831,-1,-1,-1,4.762,-1,4.0255,-1,-1,-1,-1,-1,-1,-1,-1,-1,-1,-1,-1,-1,-1
832,-1,-1,-1,4.7852,-1,4.0255,-1,-1,-1,-1,-1,-1,-1,-1,-1,-1,-1,-1,-1,-1
833,-1,-1,-1,4.8013,-1,4.0315,-1,-1,-1,-1,-1,-1,-1,-1,-1,-1,-1,-1,-1,-1
834,-1,-1,-1,4.8041,-1,4.0362,-1,-1,-1,-1,-1,-1,-1,-1,-1,-1,-1,-1,-1,-1
835,-1,-1,-1,4.8125,-1,4.0376,-1,-1,-1,-1,-1,-1,-1,-1,-1,-1,-1,-1,-1,-1
836,-1,-1,-1,4.8665,-1,4.04,-1,-1,-1,-1,-1,-1,-1,-1,-1,-1,-1,-1,-1,-1
837,-1,-1,-1,4.8827,-1,4.0472,-1,-1,-1,-1,-1,-1,-1,-1,-1,-1,-1,-1,-1,-1
838,-1,-1,-1,4.9101,-1,4.0482,-1,-1,-1,-1,-1,-1,-1,-1,-1,-1,-1,-1,-1,-1
839,-1,-1,-1,4.9914,-1,4.0521,-1,-1,-1,-1,-1,-1,-1,-1,-1,-1,-1,-1,-1,-1
840,-1,-1,-1,5.1146,-1,4.0625,-1,-1,-1,-1,-1,-1,-1,-1,-1,-1,-1,-1,-1,-1
841,-1,-1,-1,5.1918,-1,4.0645,-1,-1,-1,-1,-1,-1,-1,-1,-1,-1,-1,-1,-1,-1
842,-1,-1,-1,5.5498,-1,4.066,-1,-1,-1,-1,-1,-1,-1,-1,-1,-1,-1,-1,-1,-1
843,-1,-1,-1,5.684,-1,4.067,-1,-1,-1,-1,-1,-1,-1,-1,-1,-1,-1,-1,-1,-1
844,-1,-1,-1,-1,-1,4.0696,-1,-1,-1,-1,-1,-1,-1,-1,-1,-1,-1,-1,-1,-1
845,-1,-1,-1,-1,-1,4.0706,-1,-1,-1,-1,-1,-1,-1,-1,-1,-1,-1,-1,-1,-1
846,-1,-1,-1,-1,-1,4.0835,-1,-1,-1,-1,-1,-1,-1,-1,-1,-1,-1,-1,-1,-1
847,-1,-1,-1,-1,-1,4.0878,-1,-1,-1,-1,-1,-1,-1,-1,-1,-1,-1,-1,-1,-1
848,-1,-1,-1,-1,-1,4.0915,-1,-1,-1,-1,-1,-1,-1,-1,-1,-1,-1,-1,-1,-1
849,-1,-1,-1,-1,-1,4.0942,-1,-1,-1,-1,-1,-1,-1,-1,-1,-1,-1,-1,-1,-1
850,-1,-1,-1,-1,-1,4.0947,-1,-1,-1,-1,-1,-1,-1,-1,-1,-1,-1,-1,-1,-1
851,-1,-1,-1,-1,-1,4.1018,-1,-1,-1,-1,-1,-1,-1,-1,-1,-1,-1,-1,-1,-1
852,-1,-1,-1,-1,-1,4.1018,-1,-1,-1,-1,-1,-1,-1,-1,-1,-1,-1,-1,-1,-1
853,-1,-1,-1,-1,-1,4.1029,-1,-1,-1,-1,-1,-1,-1,-1,-1,-1,-1,-1,-1,-1
854,-1,-1,-1,-1,-1,4.1079,-1,-1,-1,-1,-1,-1,-1,-1,-1,-1,-1,-1,-1,-1
855,-1,-1,-1,-1,-1,4.1124,-1,-1,-1,-1,-1,-1,-1,-1,-1,-1,-1,-1,-1,-1
856,-1,-1,-1,-1,-1,4.1308,-1,-1,-1,-1,-1,-1,-1,-1,-1,-1,-1,-1,-1,-1
857,-1,-1,-1,-1,-1,4.1433,-1,-1,-1,-1,-1,-1,-1,-1,-1,-1,-1,-1,-1,-1
858,-1,-1,-1,-1,-1,4.1574,-1,-1,-1,-1,-1,-1,-1,-1,-1,-1,-1,-1,-1,-1
859,-1,-1,-1,-1,-1,4.1605,-1,-1,-1,-1,-1,-1,-1,-1,-1,-1,-1,-1,-1,-1
860,-1,-1,-1,-1,-1,4.1624,-1,-1,-1,-1,-1,-1,-1,-1,-1,-1,-1,-1,-1,-1
861,-1,-1,-1,-1,-1,4.1707,-1,-1,-1,-1,-1,-1,-1,-1,-1,-1,-1,-1,-1,-1
862,-1,-1,-1,-1,-1,4.1785,-1,-1,-1,-1,-1,-1,-1,-1,-1,-1,-1,-1,-1,-1
863,-1,-1,-1,-1,-1,4.1791,-1,-1,-1,-1,-1,-1,-1,-1,-1,-1,-1,-1,-1,-1
864,-1,-1,-1,-1,-1,4.1898,-1,-1,-1,-1,-1,-1,-1,-1,-1,-1,-1,-1,-1,-1
865,-1,-1,-1,-1,-1,4.1918,-1,-1,-1,-1,-1,-1,-1,-1,-1,-1,-1,-1,-1,-1
866,-1,-1,-1,-1,-1,4.1952,-1,-1,-1,-1,-1,-1,-1,-1,-1,-1,-1,-1,-1,-1
867,-1,-1,-1,-1,-1,4.2062,-1,-1,-1,-1,-1,-1,-1,-1,-1,-1,-1,-1,-1,-1
868,-1,-1,-1,-1,-1,4.2104,-1,-1,-1,-1,-1,-1,-1,-1,-1,-1,-1,-1,-1,-1
869,-1,-1,-1,-1,-1,4.2132,-1,-1,-1,-1,-1,-1,-1,-1,-1,-1,-1,-1,-1,-1
870,-1,-1,-1,-1,-1,4.2358,-1,-1,-1,-1,-1,-1,-1,-1,-1,-1,-1,-1,-1,-1
871,-1,-1,-1,-1,-1,4.262,-1,-1,-1,-1,-1,-1,-1,-1,-1,-1,-1,-1,-1,-1
872,-1,-1,-1,-1,-1,4.2716,-1,-1,-1,-1,-1,-1,-1,-1,-1,-1,-1,-1,-1,-1
873,-1,-1,-1,-1,-1,4.2716,-1,-1,-1,-1,-1,-1,-1,-1,-1,-1,-1,-1,-1,-1
874,-1,-1,-1,-1,-1,4.2815,-1,-1,-1,-1,-1,-1,-1,-1,-1,-1,-1,-1,-1,-1
875,-1,-1,-1,-1,-1,4.2832,-1,-1,-1,-1,-1,-1,-1,-1,-1,-1,-1,-1,-1,-1
876,-1,-1,-1,-1,-1,4.284,-1,-1,-1,-1,-1,-1,-1,-1,-1,-1,-1,-1,-1,-1
877,-1,-1,-1,-1,-1,4.3188,-1,-1,-1,-1,-1,-1,-1,-1,-1,-1,-1,-1,-1,-1
878,-1,-1,-1,-1,-1,4.3261,-1,-1,-1,-1,-1,-1,-1,-1,-1,-1,-1,-1,-1,-1
879,-1,-1,-1,-1,-1,4.3478,-1,-1,-1,-1,-1,-1,-1,-1,-1,-1,-1,-1,-1,-1
880,-1,-1,-1,-1,-1,4.3526,-1,-1,-1,-1,-1,-1,-1,-1,-1,-1,-1,-1,-1,-1
881,-1,-1,-1,-1,-1,4.3862,-1,-1,-1,-1,-1,-1,-1,-1,-1,-1,-1,-1,-1,-1
882,-1,-1,-1,-1,-1,4.3862,-1,-1,-1,-1,-1,-1,-1,-1,-1,-1,-1,-1,-1,-1
883,-1,-1,-1,-1,-1,4.3883,-1,-1,-1,-1,-1,-1,-1,-1,-1,-1,-1,-1,-1,-1
884,-1,-1,-1,-1,-1,4.3947,-1,-1,-1,-1,-1,-1,-1,-1,-1,-1,-1,-1,-1,-1
885,-1,-1,-1,-1,-1,4.3969,-1,-1,-1,-1,-1,-1,-1,-1,-1,-1,-1,-1,-1,-1
886,-1,-1,-1,-1,-1,4.399,-1,-1,-1,-1,-1,-1,-1,-1,-1,-1,-1,-1,-1,-1
887,-1,-1,-1,-1,-1,4.399,-1,-1,-1,-1,-1,-1,-1,-1,-1,-1,-1,-1,-1,-1
888,-1,-1,-1,-1,-1,4.4034,-1,-1,-1,-1,-1,-1,-1,-1,-1,-1,-1,-1,-1,-1
889,-1,-1,-1,-1,-1,4.4168,-1,-1,-1,-1,-1,-1,-1,-1,-1,-1,-1,-1,-1,-1
890,-1,-1,-1,-1,-1,4.4306,-1,-1,-1,-1,-1,-1,-1,-1,-1,-1,-1,-1,-1,-1
891,-1,-1,-1,-1,-1,4.4318,-1,-1,-1,-1,-1,-1,-1,-1,-1,-1,-1,-1,-1,-1
892,-1,-1,-1,-1,-1,4.4647,-1,-1,-1,-1,-1,-1,-1,-1,-1,-1,-1,-1,-1,-1
893,-1,-1,-1,-1,-1,4.4672,-1,-1,-1,-1,-1,-1,-1,-1,-1,-1,-1,-1,-1,-1
894,-1,-1,-1,-1,-1,4.4815,-1,-1,-1,-1,-1,-1,-1,-1,-1,-1,-1,-1,-1,-1
895,-1,-1,-1,-1,-1,4.4895,-1,-1,-1,-1,-1,-1,-1,-1,-1,-1,-1,-1,-1,-1
896,-1,-1,-1,-1,-1,4.4895,-1,-1,-1,-1,-1,-1,-1,-1,-1,-1,-1,-1,-1,-1
897,-1,-1,-1,-1,-1,4.4935,-1,-1,-1,-1,-1,-1,-1,-1,-1,-1,-1,-1,-1,-1
898,-1,-1,-1,-1,-1,4.5017,-1,-1,-1,-1,-1,-1,-1,-1,-1,-1,-1,-1,-1,-1
899,-1,-1,-1,-1,-1,4.5143,-1,-1,-1,-1,-1,-1,-1,-1,-1,-1,-1,-1,-1,-1
900,-1,-1,-1,-1,-1,4.6234,-1,-1,-1,-1,-1,-1,-1,-1,-1,-1,-1,-1,-1,-1
901,-1,-1,-1,-1,-1,4.6576,-1,-1,-1,-1,-1,-1,-1,-1,-1,-1,-1,-1,-1,-1
902,-1,-1,-1,-1,-1,4.6716,-1,-1,-1,-1,-1,-1,-1,-1,-1,-1,-1,-1,-1,-1
903,-1,-1,-1,-1,-1,4.6757,-1,-1,-1,-1,-1,-1,-1,-1,-1,-1,-1,-1,-1,-1
904,-1,-1,-1,-1,-1,4.6946,-1,-1,-1,-1,-1,-1,-1,-1,-1,-1,-1,-1,-1,-1
905,-1,-1,-1,-1,-1,4.7282,-1,-1,-1,-1,-1,-1,-1,-1,-1,-1,-1,-1,-1,-1
906,-1,-1,-1,-1,-1,4.7747,-1,-1,-1,-1,-1,-1,-1,-1,-1,-1,-1,-1,-1,-1
907,-1,-1,-1,-1,-1,4.8327,-1,-1,-1,-1,-1,-1,-1,-1,-1,-1,-1,-1,-1,-1
908,-1,-1,-1,-1,-1,4.8477,-1,-1,-1,-1,-1,-1,-1,-1,-1,-1,-1,-1,-1,-1
909,-1,-1,-1,-1,-1,4.8508,-1,-1,-1,-1,-1,-1,-1,-1,-1,-1,-1,-1,-1,-1
910,-1,-1,-1,-1,-1,4.8962,-1,-1,-1,-1,-1,-1,-1,-1,-1,-1,-1,-1,-1,-1
911,-1,-1,-1,-1,-1,4.9031,-1,-1,-1,-1,-1,-1,-1,-1,-1,-1,-1,-1,-1,-1
912,-1,-1,-1,-1,-1,5.065,-1,-1,-1,-1,-1,-1,-1,-1,-1,-1,-1,-1,-1,-1
913,-1,-1,-1,-1,-1,5.0685,-1,-1,-1,-1,-1,-1,-1,-1,-1,-1,-1,-1,-1,-1
914,-1,-1,-1,-1,-1,5.1068,-1,-1,-1,-1,-1,-1,-1,-1,-1,-1,-1,-1,-1,-1
915,-1,-1,-1,-1,-1,5.5638,-1,-1,-1,-1,-1,-1,-1,-1,-1,-1,-1,-1,-1,-1
916,-1,-1,-1,-1,-1,5.5784,-1,-1,-1,-1,-1,-1,-1,-1,-1,-1,-1,-1,-1,-1
917,-1,-1,-1,-1,-1,5.8153,-1,-1,-1,-1,-1,-1,-1,-1,-1,-1,-1,-1,-1,-1
918,-1,-1,-1,-1,-1,7.0297,-1,-1,-1,-1,-1,-1,-1,-1,-1,-1,-1,-1,-1,-1
919,-1,-1,-1,-1,-1,7.3675,-1,-1,-1,-1,-1,-1,-1,-1,-1,-1,-1,-1,-1,-1
920,-1,-1,-1,-1,-1,7.6253,-1,-1,-1,-1,-1,-1,-1,-1,-1,-1,-1,-1,-1,-1
